
insert into Member values
(1,'victor','villatoro','conway drive 90',51955, '2012-10-15',1 ),

(2,'jugal','patel','jugal street',5195554,'2014-08-15',2 ),

(3,'jugie','patel','jugal street',5194560,'2014-04-15',4),

(4,'lopex','pobre','jugaddfl street',5195550,'2014-11-15',3),

(5,'avery','jackson','jugal lane',51955456,'2014-12-15',7),


(6,'vladimir','viktor','draven road',51954560,'2014-01-01',3),

(7,'ashe','draven','aldersbrook blvd',51954560,'2014-09-22',2),

(8,'darius','mongo','first street',51954560,'2014-05-23',1),

(9,'teemo','shrooms','victory road',51954560,'2014-03-16',6),

(10,'katarina','snins','pewter city street ',51954560,'2014-04-23',8);

insert into Staff values
(
	1, 1,'Victor','Jose', '90 Fenway Park' ,'2000-01-23'
),
(
	2, 1,'Mario','Mario', '1 Rainbow Road', '2012-02-1'
),
(
	3, 1,'Pablo','escobar', '89 medellin street', '2013-03-11'
),
(
	4, 1,'Gary','Oak', '2 Coconut Mall', '2010-04-25'
),
(
	5, 1,'Brandon','Baksh', '69 OG Lane', '2005-05-3'
),
(
	6, 2,'Jorge','Higuain', '4 DK Summit', '2010-06-18'
),
(
	7, 2,'Zlatan','Ibra', '10 Paris Street', '2011-07-15'
),
(
	8, 2,'Ronnie','Carlos', '2 Street Drive', '2014-08-14'
),
(
	9, 2,'Steve','Mojang', '90 Drive Street', '2000-09-13'
),
(
	10, 2,'Gaben','Ewell', '99 Corner Park', '2000-01-11'
);
INSERT INTO Class (className,information) VALUES ('Zumba 101','Do some Zumba');
INSERT INTO Class (className,information) VALUES ('Powerlifting 101','Learn to lift');
INSERT INTO Class (className,information) VALUES ('Crossfit 101','Learn bad form');
INSERT INTO Class (className,information) VALUES ('Spin 201','Literally just spin');
INSERT INTO Class (className,information) VALUES ('Walking 101','You are walking wrong');
INSERT INTO Class (className,information) VALUES ('Speed Walking 301','All in the hips');
INSERT INTO Class (className,information) VALUES ('Poor Form 101','Learn why crossfit sucks');
INSERT INTO Class (className,information) VALUES ('Abs 101','All core all day');
INSERT INTO Class (className,information) VALUES ('Bond 007','Bond. James Bond');
INSERT INTO Class (className,information) VALUES ('Cardio 202','Keep going you can do it!');
INSERT INTO Class (className,information) VALUES ('Kickboxing 101','Better bring a helmet');
INSERT INTO Class (className,information) VALUES ('Water Fitness 101','Not just for old folks!');
INSERT INTO Class (className,information) VALUES ('Circuit Training 101','All about that HIIT');
INSERT INTO Class (className,information) VALUES ('Extreme Ironing 101','Xtreame!!');
INSERT INTO Class (className,information) VALUES ('Parkour 101','The art of running cool');

INSERT INTO Section(sectionID, classNumber, duration, className, staffID) VALUES (1,1,70,'Zumba 101',10);
INSERT INTO Section(sectionID, classNumber, duration, className, staffID) VALUES (2,2,70,'Zumba 101',9);
INSERT INTO Section(sectionID, classNumber, duration, className, staffID) VALUES (3,3,70,'Zumba 101',8);
INSERT INTO Section(sectionID, classNumber, duration, className, staffID) VALUES (4,4,70,'Zumba 101',7);
INSERT INTO Section(sectionID, classNumber, duration, className, staffID) VALUES (5,5,70,'Zumba 101',6);
INSERT INTO Section(sectionID, classNumber, duration, className, staffID) VALUES (6,6,70,'Zumba 101',5);
INSERT INTO Section(sectionID, classNumber, duration, className, staffID) VALUES (7,7,70,'Zumba 101',4);
INSERT INTO Section(sectionID, classNumber, duration, className, staffID) VALUES (8,8,70,'Zumba 101',3);
INSERT INTO Section(sectionID, classNumber, duration, className, staffID) VALUES (9,9,70,'Zumba 101',2);
INSERT INTO Section(sectionID, classNumber, duration, className, staffID) VALUES (10,10,70,'Zumba 101',1);
INSERT INTO Section(sectionID, classNumber, duration, className, staffID) VALUES (11,1,70,'Powerlifting 101',10);
INSERT INTO Section(sectionID, classNumber, duration, className, staffID) VALUES (12,2,70,'Powerlifting 101',9);
INSERT INTO Section(sectionID, classNumber, duration, className, staffID) VALUES (13,3,70,'Powerlifting 101',8);
INSERT INTO Section(sectionID, classNumber, duration, className, staffID) VALUES (14,4,70,'Powerlifting 101',7);
INSERT INTO Section(sectionID, classNumber, duration, className, staffID) VALUES (15,5,70,'Powerlifting 101',6);
INSERT INTO Section(sectionID, classNumber, duration, className, staffID) VALUES (16,6,70,'Powerlifting 101',5);
INSERT INTO Section(sectionID, classNumber, duration, className, staffID) VALUES (17,7,70,'Powerlifting 101',4);
INSERT INTO Section(sectionID, classNumber, duration, className, staffID) VALUES (18,8,70,'Powerlifting 101',3);
INSERT INTO Section(sectionID, classNumber, duration, className, staffID) VALUES (19,9,70,'Powerlifting 101',2);
INSERT INTO Section(sectionID, classNumber, duration, className, staffID) VALUES (20,10,70,'Powerlifting 101',1);
INSERT INTO Section(sectionID, classNumber, duration, className, staffID) VALUES (21,1,50,'Crossfit 101',10);
INSERT INTO Section(sectionID, classNumber, duration, className, staffID) VALUES (22,2,50,'Crossfit 101',9);
INSERT INTO Section(sectionID, classNumber, duration, className, staffID) VALUES (23,3,50,'Crossfit 101',8);
INSERT INTO Section(sectionID, classNumber, duration, className, staffID) VALUES (24,4,50,'Crossfit 101',7);
INSERT INTO Section(sectionID, classNumber, duration, className, staffID) VALUES (25,5,50,'Crossfit 101',6);
INSERT INTO Section(sectionID, classNumber, duration, className, staffID) VALUES (26,6,50,'Crossfit 101',5);
INSERT INTO Section(sectionID, classNumber, duration, className, staffID) VALUES (27,7,50,'Crossfit 101',4);
INSERT INTO Section(sectionID, classNumber, duration, className, staffID) VALUES (28,8,50,'Crossfit 101',3);
INSERT INTO Section(sectionID, classNumber, duration, className, staffID) VALUES (29,9,50,'Crossfit 101',2);
INSERT INTO Section(sectionID, classNumber, duration, className, staffID) VALUES (30,10,50,'Crossfit 101',1);
INSERT INTO Section(sectionID, classNumber, duration, className, staffID) VALUES (31,1,60,'Spin 201',10);
INSERT INTO Section(sectionID, classNumber, duration, className, staffID) VALUES (32,2,60,'Spin 201',9);
INSERT INTO Section(sectionID, classNumber, duration, className, staffID) VALUES (33,3,60,'Spin 201',8);
INSERT INTO Section(sectionID, classNumber, duration, className, staffID) VALUES (34,4,60,'Spin 201',7);
INSERT INTO Section(sectionID, classNumber, duration, className, staffID) VALUES (35,5,60,'Spin 201',6);
INSERT INTO Section(sectionID, classNumber, duration, className, staffID) VALUES (36,6,60,'Spin 201',5);
INSERT INTO Section(sectionID, classNumber, duration, className, staffID) VALUES (37,7,60,'Spin 201',4);
INSERT INTO Section(sectionID, classNumber, duration, className, staffID) VALUES (38,8,60,'Spin 201',3);
INSERT INTO Section(sectionID, classNumber, duration, className, staffID) VALUES (39,9,60,'Spin 201',2);
INSERT INTO Section(sectionID, classNumber, duration, className, staffID) VALUES (40,10,60,'Spin 201',1);
INSERT INTO Section(sectionID, classNumber, duration, className, staffID) VALUES (41,1,40,'Walking 101',10);
INSERT INTO Section(sectionID, classNumber, duration, className, staffID) VALUES (42,2,40,'Walking 101',9);
INSERT INTO Section(sectionID, classNumber, duration, className, staffID) VALUES (43,3,40,'Walking 101',8);
INSERT INTO Section(sectionID, classNumber, duration, className, staffID) VALUES (44,4,40,'Walking 101',7);
INSERT INTO Section(sectionID, classNumber, duration, className, staffID) VALUES (45,5,40,'Walking 101',6);
INSERT INTO Section(sectionID, classNumber, duration, className, staffID) VALUES (46,6,40,'Walking 101',5);
INSERT INTO Section(sectionID, classNumber, duration, className, staffID) VALUES (47,7,40,'Walking 101',4);
INSERT INTO Section(sectionID, classNumber, duration, className, staffID) VALUES (48,8,40,'Walking 101',3);
INSERT INTO Section(sectionID, classNumber, duration, className, staffID) VALUES (49,9,40,'Walking 101',2);
INSERT INTO Section(sectionID, classNumber, duration, className, staffID) VALUES (50,10,40,'Walking 101',1);
INSERT INTO Section(sectionID, classNumber, duration, className, staffID) VALUES (51,1,50,'Speed Walking 301',10);
INSERT INTO Section(sectionID, classNumber, duration, className, staffID) VALUES (52,2,50,'Speed Walking 301',9);
INSERT INTO Section(sectionID, classNumber, duration, className, staffID) VALUES (53,3,50,'Speed Walking 301',8);
INSERT INTO Section(sectionID, classNumber, duration, className, staffID) VALUES (54,4,50,'Speed Walking 301',7);
INSERT INTO Section(sectionID, classNumber, duration, className, staffID) VALUES (55,5,50,'Speed Walking 301',6);
INSERT INTO Section(sectionID, classNumber, duration, className, staffID) VALUES (56,6,50,'Speed Walking 301',5);
INSERT INTO Section(sectionID, classNumber, duration, className, staffID) VALUES (57,7,50,'Speed Walking 301',4);
INSERT INTO Section(sectionID, classNumber, duration, className, staffID) VALUES (58,8,50,'Speed Walking 301',3);
INSERT INTO Section(sectionID, classNumber, duration, className, staffID) VALUES (59,9,50,'Speed Walking 301',2);
INSERT INTO Section(sectionID, classNumber, duration, className, staffID) VALUES (60,10,50,'Speed Walking 301',1);
INSERT INTO Section(sectionID, classNumber, duration, className, staffID) VALUES (61,1,30,'Poor Form 101',10);
INSERT INTO Section(sectionID, classNumber, duration, className, staffID) VALUES (62,2,30,'Poor Form 101',9);
INSERT INTO Section(sectionID, classNumber, duration, className, staffID) VALUES (63,3,30,'Poor Form 101',8);
INSERT INTO Section(sectionID, classNumber, duration, className, staffID) VALUES (64,4,30,'Poor Form 101',7);
INSERT INTO Section(sectionID, classNumber, duration, className, staffID) VALUES (65,5,30,'Poor Form 101',6);
INSERT INTO Section(sectionID, classNumber, duration, className, staffID) VALUES (66,6,30,'Poor Form 101',5);
INSERT INTO Section(sectionID, classNumber, duration, className, staffID) VALUES (67,7,30,'Poor Form 101',4);
INSERT INTO Section(sectionID, classNumber, duration, className, staffID) VALUES (68,8,30,'Poor Form 101',3);
INSERT INTO Section(sectionID, classNumber, duration, className, staffID) VALUES (69,9,30,'Poor Form 101',2);
INSERT INTO Section(sectionID, classNumber, duration, className, staffID) VALUES (70,10,30,'Poor Form 101',1);
INSERT INTO Section(sectionID, classNumber, duration, className, staffID) VALUES (71,1,40,'Abs 101',10);
INSERT INTO Section(sectionID, classNumber, duration, className, staffID) VALUES (72,2,40,'Abs 101',9);
INSERT INTO Section(sectionID, classNumber, duration, className, staffID) VALUES (73,3,40,'Abs 101',8);
INSERT INTO Section(sectionID, classNumber, duration, className, staffID) VALUES (74,4,40,'Abs 101',7);
INSERT INTO Section(sectionID, classNumber, duration, className, staffID) VALUES (75,5,40,'Abs 101',6);
INSERT INTO Section(sectionID, classNumber, duration, className, staffID) VALUES (76,6,40,'Abs 101',5);
INSERT INTO Section(sectionID, classNumber, duration, className, staffID) VALUES (77,7,40,'Abs 101',4);
INSERT INTO Section(sectionID, classNumber, duration, className, staffID) VALUES (78,8,40,'Abs 101',3);
INSERT INTO Section(sectionID, classNumber, duration, className, staffID) VALUES (79,9,40,'Abs 101',2);
INSERT INTO Section(sectionID, classNumber, duration, className, staffID) VALUES (80,10,40,'Abs 101',1);
INSERT INTO Section(sectionID, classNumber, duration, className, staffID) VALUES (81,1,30,'Bond 007',10);
INSERT INTO Section(sectionID, classNumber, duration, className, staffID) VALUES (82,2,30,'Bond 007',9);
INSERT INTO Section(sectionID, classNumber, duration, className, staffID) VALUES (83,3,30,'Bond 007',8);
INSERT INTO Section(sectionID, classNumber, duration, className, staffID) VALUES (84,4,30,'Bond 007',7);
INSERT INTO Section(sectionID, classNumber, duration, className, staffID) VALUES (85,5,30,'Bond 007',6);
INSERT INTO Section(sectionID, classNumber, duration, className, staffID) VALUES (86,6,30,'Bond 007',5);
INSERT INTO Section(sectionID, classNumber, duration, className, staffID) VALUES (87,7,30,'Bond 007',4);
INSERT INTO Section(sectionID, classNumber, duration, className, staffID) VALUES (88,8,30,'Bond 007',3);
INSERT INTO Section(sectionID, classNumber, duration, className, staffID) VALUES (89,9,30,'Bond 007',2);
INSERT INTO Section(sectionID, classNumber, duration, className, staffID) VALUES (90,10,30,'Bond 007',1);
INSERT INTO Section(sectionID, classNumber, duration, className, staffID) VALUES (91,1,70,'Cardio 202',10);
INSERT INTO Section(sectionID, classNumber, duration, className, staffID) VALUES (92,2,70,'Cardio 202',9);
INSERT INTO Section(sectionID, classNumber, duration, className, staffID) VALUES (93,3,70,'Cardio 202',8);
INSERT INTO Section(sectionID, classNumber, duration, className, staffID) VALUES (94,4,70,'Cardio 202',7);
INSERT INTO Section(sectionID, classNumber, duration, className, staffID) VALUES (95,5,70,'Cardio 202',6);
INSERT INTO Section(sectionID, classNumber, duration, className, staffID) VALUES (96,6,70,'Cardio 202',5);
INSERT INTO Section(sectionID, classNumber, duration, className, staffID) VALUES (97,7,70,'Cardio 202',4);
INSERT INTO Section(sectionID, classNumber, duration, className, staffID) VALUES (98,8,70,'Cardio 202',3);
INSERT INTO Section(sectionID, classNumber, duration, className, staffID) VALUES (99,9,70,'Cardio 202',2);
INSERT INTO Section(sectionID, classNumber, duration, className, staffID) VALUES (100,10,70,'Cardio 202',1);
INSERT INTO Section(sectionID, classNumber, duration, className, staffID) VALUES (101,1,70,'Kickboxing 101',10);
INSERT INTO Section(sectionID, classNumber, duration, className, staffID) VALUES (102,2,70,'Kickboxing 101',9);
INSERT INTO Section(sectionID, classNumber, duration, className, staffID) VALUES (103,3,70,'Kickboxing 101',8);
INSERT INTO Section(sectionID, classNumber, duration, className, staffID) VALUES (104,4,70,'Kickboxing 101',7);
INSERT INTO Section(sectionID, classNumber, duration, className, staffID) VALUES (105,5,70,'Kickboxing 101',6);
INSERT INTO Section(sectionID, classNumber, duration, className, staffID) VALUES (106,6,70,'Kickboxing 101',5);
INSERT INTO Section(sectionID, classNumber, duration, className, staffID) VALUES (107,7,70,'Kickboxing 101',4);
INSERT INTO Section(sectionID, classNumber, duration, className, staffID) VALUES (108,8,70,'Kickboxing 101',3);
INSERT INTO Section(sectionID, classNumber, duration, className, staffID) VALUES (109,9,70,'Kickboxing 101',2);
INSERT INTO Section(sectionID, classNumber, duration, className, staffID) VALUES (110,10,70,'Kickboxing 101',1);
INSERT INTO Section(sectionID, classNumber, duration, className, staffID) VALUES (111,1,80,'Water Fitness 101',10);
INSERT INTO Section(sectionID, classNumber, duration, className, staffID) VALUES (112,2,80,'Water Fitness 101',9);
INSERT INTO Section(sectionID, classNumber, duration, className, staffID) VALUES (113,3,80,'Water Fitness 101',8);
INSERT INTO Section(sectionID, classNumber, duration, className, staffID) VALUES (114,4,80,'Water Fitness 101',7);
INSERT INTO Section(sectionID, classNumber, duration, className, staffID) VALUES (115,5,80,'Water Fitness 101',6);
INSERT INTO Section(sectionID, classNumber, duration, className, staffID) VALUES (116,6,80,'Water Fitness 101',5);
INSERT INTO Section(sectionID, classNumber, duration, className, staffID) VALUES (117,7,80,'Water Fitness 101',4);
INSERT INTO Section(sectionID, classNumber, duration, className, staffID) VALUES (118,8,80,'Water Fitness 101',3);
INSERT INTO Section(sectionID, classNumber, duration, className, staffID) VALUES (119,9,80,'Water Fitness 101',2);
INSERT INTO Section(sectionID, classNumber, duration, className, staffID) VALUES (120,10,80,'Water Fitness 101',1);
INSERT INTO Section(sectionID, classNumber, duration, className, staffID) VALUES (121,1,50,'Circuit Training 101',10);
INSERT INTO Section(sectionID, classNumber, duration, className, staffID) VALUES (122,2,50,'Circuit Training 101',9);
INSERT INTO Section(sectionID, classNumber, duration, className, staffID) VALUES (123,3,50,'Circuit Training 101',8);
INSERT INTO Section(sectionID, classNumber, duration, className, staffID) VALUES (124,4,50,'Circuit Training 101',7);
INSERT INTO Section(sectionID, classNumber, duration, className, staffID) VALUES (125,5,50,'Circuit Training 101',6);
INSERT INTO Section(sectionID, classNumber, duration, className, staffID) VALUES (126,6,50,'Circuit Training 101',5);
INSERT INTO Section(sectionID, classNumber, duration, className, staffID) VALUES (127,7,50,'Circuit Training 101',4);
INSERT INTO Section(sectionID, classNumber, duration, className, staffID) VALUES (128,8,50,'Circuit Training 101',3);
INSERT INTO Section(sectionID, classNumber, duration, className, staffID) VALUES (129,9,50,'Circuit Training 101',2);
INSERT INTO Section(sectionID, classNumber, duration, className, staffID) VALUES (130,10,50,'Circuit Training 101',1);
INSERT INTO Section(sectionID, classNumber, duration, className, staffID) VALUES (131,1,70,'Extreme Ironing 101',10);
INSERT INTO Section(sectionID, classNumber, duration, className, staffID) VALUES (132,2,70,'Extreme Ironing 101',9);
INSERT INTO Section(sectionID, classNumber, duration, className, staffID) VALUES (133,3,70,'Extreme Ironing 101',8);
INSERT INTO Section(sectionID, classNumber, duration, className, staffID) VALUES (134,4,70,'Extreme Ironing 101',7);
INSERT INTO Section(sectionID, classNumber, duration, className, staffID) VALUES (135,5,70,'Extreme Ironing 101',6);
INSERT INTO Section(sectionID, classNumber, duration, className, staffID) VALUES (136,6,70,'Extreme Ironing 101',5);
INSERT INTO Section(sectionID, classNumber, duration, className, staffID) VALUES (137,7,70,'Extreme Ironing 101',4);
INSERT INTO Section(sectionID, classNumber, duration, className, staffID) VALUES (138,8,70,'Extreme Ironing 101',3);
INSERT INTO Section(sectionID, classNumber, duration, className, staffID) VALUES (139,9,70,'Extreme Ironing 101',2);
INSERT INTO Section(sectionID, classNumber, duration, className, staffID) VALUES (140,10,70,'Extreme Ironing 101',1);
INSERT INTO Section(sectionID, classNumber, duration, className, staffID) VALUES (141,1,80,'Parkour 101',10);
INSERT INTO Section(sectionID, classNumber, duration, className, staffID) VALUES (142,2,80,'Parkour 101',9);
INSERT INTO Section(sectionID, classNumber, duration, className, staffID) VALUES (143,3,80,'Parkour 101',8);
INSERT INTO Section(sectionID, classNumber, duration, className, staffID) VALUES (144,4,80,'Parkour 101',7);
INSERT INTO Section(sectionID, classNumber, duration, className, staffID) VALUES (145,5,80,'Parkour 101',6);
INSERT INTO Section(sectionID, classNumber, duration, className, staffID) VALUES (146,6,80,'Parkour 101',5);
INSERT INTO Section(sectionID, classNumber, duration, className, staffID) VALUES (147,7,80,'Parkour 101',4);
INSERT INTO Section(sectionID, classNumber, duration, className, staffID) VALUES (148,8,80,'Parkour 101',3);
INSERT INTO Section(sectionID, classNumber, duration, className, staffID) VALUES (149,9,80,'Parkour 101',2);
INSERT INTO Section(sectionID, classNumber, duration, className, staffID) VALUES (150,10,80,'Parkour 101',1);

INSERT INTO Member(memberID, fName, lName, address, phoneNumber, dateJoined ,staffID) VALUES (11,'Zoey','Phillips','92 DK Jungle',1255052506,'1995-07-24',5);
INSERT INTO Member(memberID, fName, lName, address, phoneNumber, dateJoined ,staffID) VALUES (12,'Harper','Mitchell','36 Cheep Cheep Lagoon',1255037393,'2010-06-10',2);
INSERT INTO Member(memberID, fName, lName, address, phoneNumber, dateJoined ,staffID) VALUES (13,'Nora','Stewart','64 Luigi Mansion',1255052917,'1994-08-25',6);
INSERT INTO Member(memberID, fName, lName, address, phoneNumber, dateJoined ,staffID) VALUES (14,'Grace','Watson','34 Waluigi Stadium',1255036282,'1995-07-28',3);
INSERT INTO Member(memberID, fName, lName, address, phoneNumber, dateJoined ,staffID) VALUES (15,'Grayson','Anderson','24 Warioi Stadium',1255060588,'2003-02-2',7);
INSERT INTO Member(memberID, fName, lName, address, phoneNumber, dateJoined ,staffID) VALUES (16,'Maya','Wilson','63 Warioi Stadium',1255053852,'2000-04-25',4);
INSERT INTO Member(memberID, fName, lName, address, phoneNumber, dateJoined ,staffID) VALUES (17,'Logan','Hill','137 Choco Mountain',1255054665,'2013-08-14',1);
INSERT INTO Member(memberID, fName, lName, address, phoneNumber, dateJoined ,staffID) VALUES (18,'Sofia','Richardson','110 Mushroom Gorge',1255040489,'2013-02-7',6);
INSERT INTO Member(memberID, fName, lName, address, phoneNumber, dateJoined ,staffID) VALUES (19,'Rachel','Price','124 Shy Guy Falls',1255056848,'2009-09-20',7);
INSERT INTO Member(memberID, fName, lName, address, phoneNumber, dateJoined ,staffID) VALUES (20,'Annabelle','Sanders','6 Coconut Mall',1255052203,'2005-07-15',5);
INSERT INTO Member(memberID, fName, lName, address, phoneNumber, dateJoined ,staffID) VALUES (21,'Wyatt','Collins','101 Toad Circuit',1255054708,'2000-08-22',7);
INSERT INTO Member(memberID, fName, lName, address, phoneNumber, dateJoined ,staffID) VALUES (22,'Luca','Myers','66 DK Summit',1255054256,'1995-03-19',10);
INSERT INTO Member(memberID, fName, lName, address, phoneNumber, dateJoined ,staffID) VALUES (23,'Claire','Young','17 DK Summit',1255057176,'2002-03-17',10);
INSERT INTO Member(memberID, fName, lName, address, phoneNumber, dateJoined ,staffID) VALUES (24,'Victoria','Lewis','101 Toad Circuit',1255064462,'2011-06-22',7);
INSERT INTO Member(memberID, fName, lName, address, phoneNumber, dateJoined ,staffID) VALUES (25,'Isabelle','Williams','40 Banshee Boardwalk',1255057014,'2012-09-15',8);
INSERT INTO Member(memberID, fName, lName, address, phoneNumber, dateJoined ,staffID) VALUES (26,'Peyton','Morales','11 Luigi Raceway',1255059572,'1995-03-22',1);
INSERT INTO Member(memberID, fName, lName, address, phoneNumber, dateJoined ,staffID) VALUES (27,'Marcus','Moore','117 DK Jungle',1255053280,'2001-02-17',3);
INSERT INTO Member(memberID, fName, lName, address, phoneNumber, dateJoined ,staffID) VALUES (28,'Evelyn','Reye','112 Luigi Raceway',1255057444,'2010-05-4',7);
INSERT INTO Member(memberID, fName, lName, address, phoneNumber, dateJoined ,staffID) VALUES (29,'Aubrey','Johnson','17 Sherbert Land',1255057207,'2010-05-26',8);
INSERT INTO Member(memberID, fName, lName, address, phoneNumber, dateJoined ,staffID) VALUES (30,'Logan','Baker','149 Cheep Cheep Lagoon',1255044822,'2012-02-22',4);
INSERT INTO Member(memberID, fName, lName, address, phoneNumber, dateJoined ,staffID) VALUES (31,'Savannah','Morgan','104 Cheep Cheep Lagoon',1255040081,'2002-09-4',7);
INSERT INTO Member(memberID, fName, lName, address, phoneNumber, dateJoined ,staffID) VALUES (32,'Piper','Stewart','6 Frappe Snowland',1255062666,'2007-09-9',9);
INSERT INTO Member(memberID, fName, lName, address, phoneNumber, dateJoined ,staffID) VALUES (33,'Aaron','Hernandez','12 Yoshi Valley',1255036451,'1998-07-24',1);
INSERT INTO Member(memberID, fName, lName, address, phoneNumber, dateJoined ,staffID) VALUES (34,'Tristan','Reed','120 Adams',1255039630,'2008-05-24',10);
INSERT INTO Member(memberID, fName, lName, address, phoneNumber, dateJoined ,staffID) VALUES (35,'Ryker','Myers','80 Stadium',1255062374,'2007-01-2',1);
INSERT INTO Member(memberID, fName, lName, address, phoneNumber, dateJoined ,staffID) VALUES (36,'Jayden','Gray','107 DK Summit',1255062097,'1998-02-11',2);
INSERT INTO Member(memberID, fName, lName, address, phoneNumber, dateJoined ,staffID) VALUES (37,'Paisley','Ross','65 Mario Raceway',1255034515,'2005-04-6',1);
INSERT INTO Member(memberID, fName, lName, address, phoneNumber, dateJoined ,staffID) VALUES (38,'Jaxon','Adams','98 DK Jungle Parkway',1255037110,'2011-01-21',7);
INSERT INTO Member(memberID, fName, lName, address, phoneNumber, dateJoined ,staffID) VALUES (39,'Taylor','Turner','7 Banshee Boardwalk',1255060589,'2001-06-20',6);
INSERT INTO Member(memberID, fName, lName, address, phoneNumber, dateJoined ,staffID) VALUES (40,'Hudson','Johnson','3 Coconut Mall',1255060854,'2008-09-25',5);
INSERT INTO Member(memberID, fName, lName, address, phoneNumber, dateJoined ,staffID) VALUES (41,'Samantha','Hall','130 Toad Circuit',1255057262,'2011-07-6',1);
INSERT INTO Member(memberID, fName, lName, address, phoneNumber, dateJoined ,staffID) VALUES (42,'John','Perez','95 Waluigi Stadium',1255046245,'1996-02-27',5);
INSERT INTO Member(memberID, fName, lName, address, phoneNumber, dateJoined ,staffID) VALUES (43,'Piper','Peterson','22 Waluigi Stadium',1255032783,'1998-07-14',4);
INSERT INTO Member(memberID, fName, lName, address, phoneNumber, dateJoined ,staffID) VALUES (44,'Aiden','Moore','118 Peach Circuit',1255040653,'1997-02-8',1);
INSERT INTO Member(memberID, fName, lName, address, phoneNumber, dateJoined ,staffID) VALUES (45,'Violet','Wood','129 Toad Circuit',1255048974,'2005-08-6',1);
INSERT INTO Member(memberID, fName, lName, address, phoneNumber, dateJoined ,staffID) VALUES (46,'Evan','Lee','85 Mario Raceway',1255041918,'2009-09-23',6);
INSERT INTO Member(memberID, fName, lName, address, phoneNumber, dateJoined ,staffID) VALUES (47,'Stella','Evans','139 Warioi Stadium',1255063314,'2009-08-6',7);
INSERT INTO Member(memberID, fName, lName, address, phoneNumber, dateJoined ,staffID) VALUES (48,'Abigail','Fisher','148 DK Jungle Parkway',1255061311,'2010-02-18',10);
INSERT INTO Member(memberID, fName, lName, address, phoneNumber, dateJoined ,staffID) VALUES (49,'Arianna','Turner','124 DK Summit',1255045222,'2005-08-19',6);
INSERT INTO Member(memberID, fName, lName, address, phoneNumber, dateJoined ,staffID) VALUES (50,'Layla','Rodriguez','142 Luigi Mansion',1255055304,'2008-03-17',9);
INSERT INTO Member(memberID, fName, lName, address, phoneNumber, dateJoined ,staffID) VALUES (51,'Clara','Parker','53 Peach Circuit',1255047198,'1994-08-15',3);
INSERT INTO Member(memberID, fName, lName, address, phoneNumber, dateJoined ,staffID) VALUES (52,'Rachel','Butler','29 Choco Mountain',1255040245,'2013-08-20',4);
INSERT INTO Member(memberID, fName, lName, address, phoneNumber, dateJoined ,staffID) VALUES (53,'Eva','Moore','109 Yoshi Valley',1255048547,'1995-09-2',9);
INSERT INTO Member(memberID, fName, lName, address, phoneNumber, dateJoined ,staffID) VALUES (54,'Sebastian','Rodriguez','29 Choco Island',1255041089,'2011-02-17',9);
INSERT INTO Member(memberID, fName, lName, address, phoneNumber, dateJoined ,staffID) VALUES (55,'Aria','Garciav','145 Moonview Highway',1255036862,'2008-07-7',5);
INSERT INTO Member(memberID, fName, lName, address, phoneNumber, dateJoined ,staffID) VALUES (56,'Kenzie','Brown','110 Moonview Highway',1255034324,'2011-05-27',3);
INSERT INTO Member(memberID, fName, lName, address, phoneNumber, dateJoined ,staffID) VALUES (57,'Brayden','Russell','92 Dellfino Square',1255037585,'2009-06-9',2);
INSERT INTO Member(memberID, fName, lName, address, phoneNumber, dateJoined ,staffID) VALUES (58,'Dominic','Murphy','39 Toad Circuit',1255059118,'1999-09-11',5);
INSERT INTO Member(memberID, fName, lName, address, phoneNumber, dateJoined ,staffID) VALUES (59,'Zachary','Williams','28 Peach Circuit',1255057256,'2012-09-18',3);
INSERT INTO Member(memberID, fName, lName, address, phoneNumber, dateJoined ,staffID) VALUES (60,'Eric','Diaz','148 Warioi Stadium',1255062507,'2002-08-3',7);
INSERT INTO Member(memberID, fName, lName, address, phoneNumber, dateJoined ,staffID) VALUES (61,'Jace','Carter','115 Peach Circuit',1255045121,'2010-06-22',8);
INSERT INTO Member(memberID, fName, lName, address, phoneNumber, dateJoined ,staffID) VALUES (62,'Violet','Turner','142 DK Jungle Parkway',1255046518,'1996-02-5',6);
INSERT INTO Member(memberID, fName, lName, address, phoneNumber, dateJoined ,staffID) VALUES (63,'Elena','Bailey','32 Mario Circuit',1255053887,'2008-09-8',1);
INSERT INTO Member(memberID, fName, lName, address, phoneNumber, dateJoined ,staffID) VALUES (64,'Ryder','Collins','134 Mushroom Gorge',1255064234,'2001-03-2',8);
INSERT INTO Member(memberID, fName, lName, address, phoneNumber, dateJoined ,staffID) VALUES (65,'Paisley','Jenkins','91 Stadium',1255060329,'2000-06-7',8);
INSERT INTO Member(memberID, fName, lName, address, phoneNumber, dateJoined ,staffID) VALUES (66,'Ivy','Martinez','70 Coconut Mall',1255045550,'2011-08-27',10);
INSERT INTO Member(memberID, fName, lName, address, phoneNumber, dateJoined ,staffID) VALUES (67,'Stella','Mitchell','136 Koopa Troopa Beach',1255064920,'2000-09-16',2);
INSERT INTO Member(memberID, fName, lName, address, phoneNumber, dateJoined ,staffID) VALUES (68,'Aaron','Thomas','45 Banshee Boardwalk',1255047828,'2009-02-26',8);
INSERT INTO Member(memberID, fName, lName, address, phoneNumber, dateJoined ,staffID) VALUES (69,'Jasper','Sullivan','107 Luigi Mansion',1255051148,'2002-06-6',4);
INSERT INTO Member(memberID, fName, lName, address, phoneNumber, dateJoined ,staffID) VALUES (70,'Ella','Cox','37 Toad Circuit',1255064951,'2002-04-23',9);
INSERT INTO Member(memberID, fName, lName, address, phoneNumber, dateJoined ,staffID) VALUES (71,'Chase','Scott','107 Adams',1255036732,'2012-01-2',6);
INSERT INTO Member(memberID, fName, lName, address, phoneNumber, dateJoined ,staffID) VALUES (72,'Rachel','James','113 Mario Raceway',1255040822,'2005-02-2',2);
INSERT INTO Member(memberID, fName, lName, address, phoneNumber, dateJoined ,staffID) VALUES (73,'James','Howard','89 Banshee Boardwalk',1255058650,'2002-07-27',10);
INSERT INTO Member(memberID, fName, lName, address, phoneNumber, dateJoined ,staffID) VALUES (74,'Rowan','Morgan','127 Stadium',1255046790,'2004-09-22',2);
INSERT INTO Member(memberID, fName, lName, address, phoneNumber, dateJoined ,staffID) VALUES (75,'Ethan','Richardson','61 Wario Colesseum',1255062188,'2006-04-2',1);
INSERT INTO Member(memberID, fName, lName, address, phoneNumber, dateJoined ,staffID) VALUES (76,'David','Mitchell','46 Warioi Stadium',1255060314,'2004-05-13',5);
INSERT INTO Member(memberID, fName, lName, address, phoneNumber, dateJoined ,staffID) VALUES (77,'Owen','Lopez','141 Waluigi Stadium',1255036762,'1996-02-10',1);
INSERT INTO Member(memberID, fName, lName, address, phoneNumber, dateJoined ,staffID) VALUES (78,'Paisley','Hill','48 Dellfino Square',1255034114,'1997-03-4',2);
INSERT INTO Member(memberID, fName, lName, address, phoneNumber, dateJoined ,staffID) VALUES (79,'Mia','Williams','18 Warioi Stadium',1255035050,'1998-01-15',5);
INSERT INTO Member(memberID, fName, lName, address, phoneNumber, dateJoined ,staffID) VALUES (80,'Isabella','Nguyen','29 Choco Mountain',1255042934,'2009-06-13',1);
INSERT INTO Member(memberID, fName, lName, address, phoneNumber, dateJoined ,staffID) VALUES (81,'Mila','Baker','137 Moo Moo Farm',1255044550,'2003-06-6',2);
INSERT INTO Member(memberID, fName, lName, address, phoneNumber, dateJoined ,staffID) VALUES (82,'Marcus','Cook','1 Shy Guy Falls',1255061141,'1997-09-27',5);
INSERT INTO Member(memberID, fName, lName, address, phoneNumber, dateJoined ,staffID) VALUES (83,'Samuel','Evans','116 Wario Colesseum',1255056822,'2006-03-3',2);
INSERT INTO Member(memberID, fName, lName, address, phoneNumber, dateJoined ,staffID) VALUES (84,'Austin','Reye','135 Koopa Troopa Beach',1255050858,'2011-05-23',3);
INSERT INTO Member(memberID, fName, lName, address, phoneNumber, dateJoined ,staffID) VALUES (85,'Aurora','Rogers','147 Luigi Mansion',1255038455,'2013-07-18',2);
INSERT INTO Member(memberID, fName, lName, address, phoneNumber, dateJoined ,staffID) VALUES (86,'Austin','Gray','136 Waluigi Stadium',1255057852,'1998-03-5',1);
INSERT INTO Member(memberID, fName, lName, address, phoneNumber, dateJoined ,staffID) VALUES (87,'jamin','Rivera','93 Yoshi Valley',1255065175,'1999-04-27',9);
INSERT INTO Member(memberID, fName, lName, address, phoneNumber, dateJoined ,staffID) VALUES (88,'Emmett','Jenkins','67 Yoshi Falls',1255038057,'1995-02-22',9);
INSERT INTO Member(memberID, fName, lName, address, phoneNumber, dateJoined ,staffID) VALUES (89,'Addison','Gray','141 Yoshi Valley',1255035522,'2009-09-4',5);
INSERT INTO Member(memberID, fName, lName, address, phoneNumber, dateJoined ,staffID) VALUES (90,'Nolan','Ramirez','127 Mario Circuit',1255044448,'2002-06-7',9);
INSERT INTO Member(memberID, fName, lName, address, phoneNumber, dateJoined ,staffID) VALUES (91,'Ryder','Ortiz','114 Banshee Boardwalk',1255053021,'2009-01-1',6);
INSERT INTO Member(memberID, fName, lName, address, phoneNumber, dateJoined ,staffID) VALUES (92,'Landon','Anderson','83 Coconut Mall',1255050294,'2007-09-13',9);
INSERT INTO Member(memberID, fName, lName, address, phoneNumber, dateJoined ,staffID) VALUES (93,'Mason','Evans','56 Choco Mountain',1255058850,'2006-03-19',10);
INSERT INTO Member(memberID, fName, lName, address, phoneNumber, dateJoined ,staffID) VALUES (94,'Isla','Ortiz','12 Luigi Mansion',1255055529,'2005-06-12',5);
INSERT INTO Member(memberID, fName, lName, address, phoneNumber, dateJoined ,staffID) VALUES (95,'David','Young','82 Yoshi Valley',1255035491,'2005-06-16',8);
INSERT INTO Member(memberID, fName, lName, address, phoneNumber, dateJoined ,staffID) VALUES (96,'Madeline','Rivera','133 Peach Circuit',1255044754,'2004-05-5',6);
INSERT INTO Member(memberID, fName, lName, address, phoneNumber, dateJoined ,staffID) VALUES (97,'Mackenzie','Murphy','99 Coconut Mall',1255046487,'1999-09-13',9);
INSERT INTO Member(memberID, fName, lName, address, phoneNumber, dateJoined ,staffID) VALUES (98,'Kayden','Gray','48 Waluigi Stadium',1255036688,'2008-03-27',8);
INSERT INTO Member(memberID, fName, lName, address, phoneNumber, dateJoined ,staffID) VALUES (99,'Everett','Clark','5 Kalamari Desert',1255052569,'1998-09-24',1);
INSERT INTO Member(memberID, fName, lName, address, phoneNumber, dateJoined ,staffID) VALUES (100,'Marcus','Baker','75 Cheep Cheep Lagoon',1255038964,'2010-02-11',10);
INSERT INTO Member(memberID, fName, lName, address, phoneNumber, dateJoined ,staffID) VALUES (101,'Emily','Wilson','111 Bowser Castle',1255052494,'2001-07-12',6);
INSERT INTO Member(memberID, fName, lName, address, phoneNumber, dateJoined ,staffID) VALUES (102,'Isabelle','Harris','22 Frappe Snowland',1255038133,'2012-04-28',4);
INSERT INTO Member(memberID, fName, lName, address, phoneNumber, dateJoined ,staffID) VALUES (103,'Luke','Hughes','37 Bowser Castle',1255052738,'2008-02-3',7);
INSERT INTO Member(memberID, fName, lName, address, phoneNumber, dateJoined ,staffID) VALUES (104,'Logan','Edwards','68 Dellfino Square',1255037049,'2013-04-18',9);
INSERT INTO Member(memberID, fName, lName, address, phoneNumber, dateJoined ,staffID) VALUES (105,'Theodore','Parker','58 Cheep Cheep Lagoon',1255036674,'2009-06-9',1);
INSERT INTO Member(memberID, fName, lName, address, phoneNumber, dateJoined ,staffID) VALUES (106,'Charles','Ward','55 Mario Raceway',1255063282,'2013-01-13',10);
INSERT INTO Member(memberID, fName, lName, address, phoneNumber, dateJoined ,staffID) VALUES (107,'Angela','Davis','110 Yoshi Valley',1255043706,'2005-04-23',1);
INSERT INTO Member(memberID, fName, lName, address, phoneNumber, dateJoined ,staffID) VALUES (108,'Eli','Long','88 Coconut Mall',1255049757,'2012-05-23',5);
INSERT INTO Member(memberID, fName, lName, address, phoneNumber, dateJoined ,staffID) VALUES (109,'Jayden','Butler','114 Mario Raceway',1255063202,'1995-01-3',9);
INSERT INTO Member(memberID, fName, lName, address, phoneNumber, dateJoined ,staffID) VALUES (110,'Jordan','Reed','89 Moo Moo Farm',1255060783,'1998-04-16',1);
INSERT INTO Member(memberID, fName, lName, address, phoneNumber, dateJoined ,staffID) VALUES (111,'Isabelle','Johnson','129 Cheep Cheep Lagoon',1255060668,'2009-05-4',4);
INSERT INTO Member(memberID, fName, lName, address, phoneNumber, dateJoined ,staffID) VALUES (112,'Sophie','Diaz','129 Peach Circuit',1255049514,'2002-05-13',4);
INSERT INTO Member(memberID, fName, lName, address, phoneNumber, dateJoined ,staffID) VALUES (113,'Kaitlyn','Miller','78 Choco Island',1255040819,'2006-08-1',10);
INSERT INTO Member(memberID, fName, lName, address, phoneNumber, dateJoined ,staffID) VALUES (114,'Luca','Richardson','72 Kalamari Desert',1255040502,'2012-06-15',8);
INSERT INTO Member(memberID, fName, lName, address, phoneNumber, dateJoined ,staffID) VALUES (115,'Amelia','Johnson','131 Bowser Castle',1255043234,'1999-01-24',5);
INSERT INTO Member(memberID, fName, lName, address, phoneNumber, dateJoined ,staffID) VALUES (116,'Emmett','James','66 Shy Guy Falls',1255045871,'2005-02-16',7);
INSERT INTO Member(memberID, fName, lName, address, phoneNumber, dateJoined ,staffID) VALUES (117,'Elijah','Turner','23 Yoshi Falls',1255054201,'2004-08-2',10);
INSERT INTO Member(memberID, fName, lName, address, phoneNumber, dateJoined ,staffID) VALUES (118,'Sadie','Scott','82 Moo Moo Farm',1255048264,'2004-06-5',6);
INSERT INTO Member(memberID, fName, lName, address, phoneNumber, dateJoined ,staffID) VALUES (119,'Caleb','Cook','122 Frappe Snowland',1255056237,'2002-01-18',1);
INSERT INTO Member(memberID, fName, lName, address, phoneNumber, dateJoined ,staffID) VALUES (120,'Dylan','Bailey','119 Shy Guy Falls',1255057076,'1998-07-21',4);
INSERT INTO Member(memberID, fName, lName, address, phoneNumber, dateJoined ,staffID) VALUES (121,'Mason','Cox','34 Choco Island',1255058706,'2000-08-27',1);
INSERT INTO Member(memberID, fName, lName, address, phoneNumber, dateJoined ,staffID) VALUES (122,'Lucas','Johnson','89 Coconut Mall',1255045425,'1998-03-3',7);
INSERT INTO Member(memberID, fName, lName, address, phoneNumber, dateJoined ,staffID) VALUES (123,'Connor','Perez','63 Stadium',1255060806,'2007-04-4',2);
INSERT INTO Member(memberID, fName, lName, address, phoneNumber, dateJoined ,staffID) VALUES (124,'Layla','Watson','26 Yoshi Falls',1255064812,'1996-03-28',3);
INSERT INTO Member(memberID, fName, lName, address, phoneNumber, dateJoined ,staffID) VALUES (125,'Maya','Anderson','123 Cheep Cheep Lagoon',1255053666,'2011-03-18',8);
INSERT INTO Member(memberID, fName, lName, address, phoneNumber, dateJoined ,staffID) VALUES (126,'Zoe','Hernandez','144 Cheep Cheep Lagoon',1255050648,'2007-08-17',5);
INSERT INTO Member(memberID, fName, lName, address, phoneNumber, dateJoined ,staffID) VALUES (127,'Nolan','Bell','3 Stadium',1255064133,'2013-09-4',5);
INSERT INTO Member(memberID, fName, lName, address, phoneNumber, dateJoined ,staffID) VALUES (128,'Lucas','Reed','111 DK Summit',1255055531,'2000-07-20',7);
INSERT INTO Member(memberID, fName, lName, address, phoneNumber, dateJoined ,staffID) VALUES (129,'Tyson','Campbell','1 Choco Island',1255063477,'2008-01-22',7);
INSERT INTO Member(memberID, fName, lName, address, phoneNumber, dateJoined ,staffID) VALUES (130,'Ethan','Davis','56 Wario Colesseum',1255032923,'2008-04-21',2);
INSERT INTO Member(memberID, fName, lName, address, phoneNumber, dateJoined ,staffID) VALUES (131,'Emmett','Wilson','143 Dellfino Square',1255050929,'1999-04-13',6);
INSERT INTO Member(memberID, fName, lName, address, phoneNumber, dateJoined ,staffID) VALUES (132,'Maya','Sanders','4 Shy Guy Falls',1255038809,'2009-06-10',8);
INSERT INTO Member(memberID, fName, lName, address, phoneNumber, dateJoined ,staffID) VALUES (133,'Joseph','Ortiz','106 Sherbert Land',1255058593,'2003-08-3',7);
INSERT INTO Member(memberID, fName, lName, address, phoneNumber, dateJoined ,staffID) VALUES (134,'Adam','Ramirez','15 Yoshi Falls',1255044250,'1996-01-8',10);
INSERT INTO Member(memberID, fName, lName, address, phoneNumber, dateJoined ,staffID) VALUES (135,'Declan','Morris','122 Banshee Boardwalk',1255033481,'2009-02-25',6);
INSERT INTO Member(memberID, fName, lName, address, phoneNumber, dateJoined ,staffID) VALUES (136,'Jackson','Hill','32 Mario Raceway',1255047847,'1998-05-13',3);
INSERT INTO Member(memberID, fName, lName, address, phoneNumber, dateJoined ,staffID) VALUES (137,'Everl','Scott','63 Moo Moo Farm',1255063211,'2007-03-8',3);
INSERT INTO Member(memberID, fName, lName, address, phoneNumber, dateJoined ,staffID) VALUES (138,'Jacob','Hughes','25 Mario Circuit',1255048273,'2006-03-12',6);
INSERT INTO Member(memberID, fName, lName, address, phoneNumber, dateJoined ,staffID) VALUES (139,'Olivia','Gutierrez','65 Banshee Boardwalk',1255049281,'2005-09-2',3);
INSERT INTO Member(memberID, fName, lName, address, phoneNumber, dateJoined ,staffID) VALUES (140,'Isabelle','Flores','99 Luigi Mansion',1255045312,'2000-08-25',10);
INSERT INTO Member(memberID, fName, lName, address, phoneNumber, dateJoined ,staffID) VALUES (141,'Paisley','Bennett','11 Choco Island',1255057452,'1994-08-22',1);
INSERT INTO Member(memberID, fName, lName, address, phoneNumber, dateJoined ,staffID) VALUES (142,'Carson','Reye','62 Choco Island',1255064363,'2004-03-26',2);
INSERT INTO Member(memberID, fName, lName, address, phoneNumber, dateJoined ,staffID) VALUES (143,'Anthony','Ortiz','114 Moo Moo Farm',1255049936,'2007-04-10',8);
INSERT INTO Member(memberID, fName, lName, address, phoneNumber, dateJoined ,staffID) VALUES (144,'David','Rogers','28 Luigi Mansion',1255034563,'2012-04-10',1);
INSERT INTO Member(memberID, fName, lName, address, phoneNumber, dateJoined ,staffID) VALUES (145,'Matthew','Hughes','29 Stadium',1255051893,'1994-09-22',8);
INSERT INTO Member(memberID, fName, lName, address, phoneNumber, dateJoined ,staffID) VALUES (146,'Brayden','Flores','55 Peach Circuit',1255050644,'1997-07-21',1);
INSERT INTO Member(memberID, fName, lName, address, phoneNumber, dateJoined ,staffID) VALUES (147,'Zachary','Reed','46 Kalamari Desert',1255034600,'1999-04-3',7);
INSERT INTO Member(memberID, fName, lName, address, phoneNumber, dateJoined ,staffID) VALUES (148,'Mila','Bell','87 Dellfino Square',1255037295,'2000-02-27',1);
INSERT INTO Member(memberID, fName, lName, address, phoneNumber, dateJoined ,staffID) VALUES (149,'jamin','Stewart','1 Dry Dry Desert',1255040560,'1994-03-6',7);
INSERT INTO Member(memberID, fName, lName, address, phoneNumber, dateJoined ,staffID) VALUES (150,'Wilm','Roberts','86 Mushroom Gorge',1255047183,'2009-06-27',6);
INSERT INTO Member(memberID, fName, lName, address, phoneNumber, dateJoined ,staffID) VALUES (151,'Violet','Brooks','4 Yoshi Valley',1255043974,'2002-03-15',9);
INSERT INTO Member(memberID, fName, lName, address, phoneNumber, dateJoined ,staffID) VALUES (152,'Julia','Wright','28 Dry Dry Desert',1255041054,'2005-06-6',3);
INSERT INTO Member(memberID, fName, lName, address, phoneNumber, dateJoined ,staffID) VALUES (153,'Maxwell','Collins','30 Shy Guy Falls',1255046407,'1999-09-15',9);
INSERT INTO Member(memberID, fName, lName, address, phoneNumber, dateJoined ,staffID) VALUES (154,'Savannah','Cruz','117 Waluigi Stadium',1255035593,'1998-01-2',2);
INSERT INTO Member(memberID, fName, lName, address, phoneNumber, dateJoined ,staffID) VALUES (155,'Logan','Jones','51 Mario Circuit',1255040429,'2011-05-26',5);
INSERT INTO Member(memberID, fName, lName, address, phoneNumber, dateJoined ,staffID) VALUES (156,'Paisley','Sullivan','13 Moonview Highway',1255036406,'2013-03-7',1);
INSERT INTO Member(memberID, fName, lName, address, phoneNumber, dateJoined ,staffID) VALUES (157,'Taylor','Bell','20 Mario Raceway',1255063690,'2007-02-23',7);
INSERT INTO Member(memberID, fName, lName, address, phoneNumber, dateJoined ,staffID) VALUES (158,'Zoe','Ortiz','147 Moo Moo Farm',1255036268,'2007-05-25',9);
INSERT INTO Member(memberID, fName, lName, address, phoneNumber, dateJoined ,staffID) VALUES (159,'Julia','Watson','105 Moonview Highway',1255043949,'2003-01-25',3);
INSERT INTO Member(memberID, fName, lName, address, phoneNumber, dateJoined ,staffID) VALUES (160,'Nolan','Taylor','97 Moonview Highway',1255050589,'2010-01-25',7);
INSERT INTO Member(memberID, fName, lName, address, phoneNumber, dateJoined ,staffID) VALUES (161,'Lincoln','Nguyen','92 Cheep Cheep Lagoon',1255045708,'2009-07-2',2);
INSERT INTO Member(memberID, fName, lName, address, phoneNumber, dateJoined ,staffID) VALUES (162,'Nolan','Walker','106 Koopa Troopa Beach',1255063351,'2001-07-13',1);
INSERT INTO Member(memberID, fName, lName, address, phoneNumber, dateJoined ,staffID) VALUES (163,'Aiden','Sullivan','8 Frappe Snowland',1255057960,'2007-05-7',8);
INSERT INTO Member(memberID, fName, lName, address, phoneNumber, dateJoined ,staffID) VALUES (164,'Evan','Price','54 Choco Island',1255035309,'1999-06-27',5);
INSERT INTO Member(memberID, fName, lName, address, phoneNumber, dateJoined ,staffID) VALUES (165,'Clara','Collins','144 Banshee Boardwalk',1255037262,'1995-04-14',4);
INSERT INTO Member(memberID, fName, lName, address, phoneNumber, dateJoined ,staffID) VALUES (166,'Blake','Cooper','94 Warioi Stadium',1255065421,'2004-06-18',6);
INSERT INTO Member(memberID, fName, lName, address, phoneNumber, dateJoined ,staffID) VALUES (167,'Blake','Martinez','103 Frappe Snowland',1255056407,'2006-02-2',6);
INSERT INTO Member(memberID, fName, lName, address, phoneNumber, dateJoined ,staffID) VALUES (168,'Noah','White','21 Stadium',1255039783,'1997-04-27',1);
INSERT INTO Member(memberID, fName, lName, address, phoneNumber, dateJoined ,staffID) VALUES (169,'Connor','Hill','10 Stadium',1255043231,'2004-04-3',10);
INSERT INTO Member(memberID, fName, lName, address, phoneNumber, dateJoined ,staffID) VALUES (170,'Lauren','Cook','112 Adams',1255061836,'1995-09-10',6);
INSERT INTO Member(memberID, fName, lName, address, phoneNumber, dateJoined ,staffID) VALUES (171,'Tyler','Williams','110 Adams',1255057673,'2011-06-5',2);
INSERT INTO Member(memberID, fName, lName, address, phoneNumber, dateJoined ,staffID) VALUES (172,'Charles','Cox','21 DK Summit',1255035179,'2001-02-11',6);
INSERT INTO Member(memberID, fName, lName, address, phoneNumber, dateJoined ,staffID) VALUES (173,'Liam','Davis','27 Luigi Raceway',1255060291,'2002-07-26',3);
INSERT INTO Member(memberID, fName, lName, address, phoneNumber, dateJoined ,staffID) VALUES (174,'Adam','Foster','67 Mario Raceway',1255045664,'1998-03-28',1);
INSERT INTO Member(memberID, fName, lName, address, phoneNumber, dateJoined ,staffID) VALUES (175,'Elena','Parker','70 Peach Gardens',1255065197,'2004-09-23',6);
INSERT INTO Member(memberID, fName, lName, address, phoneNumber, dateJoined ,staffID) VALUES (176,'Levi','Lee','120 Luigi Raceway',1255050920,'2000-06-16',6);
INSERT INTO Member(memberID, fName, lName, address, phoneNumber, dateJoined ,staffID) VALUES (177,'Alyssa','Kelly','61 Luigi Raceway',1255059795,'2003-01-2',10);
INSERT INTO Member(memberID, fName, lName, address, phoneNumber, dateJoined ,staffID) VALUES (178,'Eva','Hernandez','124 Peach Circuit',1255059736,'2012-09-25',10);
INSERT INTO Member(memberID, fName, lName, address, phoneNumber, dateJoined ,staffID) VALUES (179,'Annabelle','Murphy','111 Warioi Stadium',1255064210,'2006-08-19',2);
INSERT INTO Member(memberID, fName, lName, address, phoneNumber, dateJoined ,staffID) VALUES (180,'Aiden','Sanchez','50 Adams',1255054544,'2011-09-20',3);
INSERT INTO Member(memberID, fName, lName, address, phoneNumber, dateJoined ,staffID) VALUES (181,'Lucy','James','58 Cheep Cheep Lagoon',1255053924,'1994-07-25',1);
INSERT INTO Member(memberID, fName, lName, address, phoneNumber, dateJoined ,staffID) VALUES (182,'Mia','Evans','66 Moonview Highway',1255049528,'2002-06-11',10);
INSERT INTO Member(memberID, fName, lName, address, phoneNumber, dateJoined ,staffID) VALUES (183,'Tyler','Sullivan','133 Peach Gardens',1255051051,'2007-07-10',4);
INSERT INTO Member(memberID, fName, lName, address, phoneNumber, dateJoined ,staffID) VALUES (184,'Scarlett','Taylor','130 Dry Dry Desert',1255038991,'2003-01-27',8);
INSERT INTO Member(memberID, fName, lName, address, phoneNumber, dateJoined ,staffID) VALUES (185,'Leo','Ortiz','143 Dry Dry Desert',1255033131,'2005-05-20',1);
INSERT INTO Member(memberID, fName, lName, address, phoneNumber, dateJoined ,staffID) VALUES (186,'Carter','Hill','18 Peach Gardens',1255063247,'2010-03-17',4);
INSERT INTO Member(memberID, fName, lName, address, phoneNumber, dateJoined ,staffID) VALUES (187,'Luca','Gray','35 Dellfino Square',1255055128,'1997-02-7',8);
INSERT INTO Member(memberID, fName, lName, address, phoneNumber, dateJoined ,staffID) VALUES (188,'Max','Cruz','42 Adams',1255043900,'2000-03-10',9);
INSERT INTO Member(memberID, fName, lName, address, phoneNumber, dateJoined ,staffID) VALUES (189,'Peyton','Price','140 Mario Raceway',1255038048,'2008-05-18',9);
INSERT INTO Member(memberID, fName, lName, address, phoneNumber, dateJoined ,staffID) VALUES (190,'Everl','Hughes','97 Toad Circuit',1255042380,'2003-03-7',7);
INSERT INTO Member(memberID, fName, lName, address, phoneNumber, dateJoined ,staffID) VALUES (191,'Hayden','Jones','133 Luigi Mansion',1255064418,'2001-06-6',8);
INSERT INTO Member(memberID, fName, lName, address, phoneNumber, dateJoined ,staffID) VALUES (192,'Samuel','Walker','105 Luigi Mansion',1255050511,'1998-03-22',2);
INSERT INTO Member(memberID, fName, lName, address, phoneNumber, dateJoined ,staffID) VALUES (193,'Joseph','Barnes','53 Dry Dry Desert',1255055586,'2009-02-8',10);
INSERT INTO Member(memberID, fName, lName, address, phoneNumber, dateJoined ,staffID) VALUES (194,'Scarlett','Johnson','71 Banshee Boardwalk',1255035212,'1996-03-18',5);
INSERT INTO Member(memberID, fName, lName, address, phoneNumber, dateJoined ,staffID) VALUES (195,'Cameron','Ward','106 Yoshi Falls',1255043974,'1996-05-10',5);
INSERT INTO Member(memberID, fName, lName, address, phoneNumber, dateJoined ,staffID) VALUES (196,'Aurora','Gutierrez','3 Moo Moo Farm',1255033813,'2012-01-22',8);
INSERT INTO Member(memberID, fName, lName, address, phoneNumber, dateJoined ,staffID) VALUES (197,'Autumn','Carter','69 Moonview Highway',1255035164,'2009-09-4',10);
INSERT INTO Member(memberID, fName, lName, address, phoneNumber, dateJoined ,staffID) VALUES (198,'Gavin','Ross','51 Adams',1255043830,'2003-03-15',10);
INSERT INTO Member(memberID, fName, lName, address, phoneNumber, dateJoined ,staffID) VALUES (199,'Arya','Bennett','135 Yoshi Valley',1255056629,'2008-05-10',8);
INSERT INTO Member(memberID, fName, lName, address, phoneNumber, dateJoined ,staffID) VALUES (200,'Jacob','Carter','25 Warioi Stadium',1255045986,'1996-08-8',4);
INSERT INTO Member(memberID, fName, lName, address, phoneNumber, dateJoined ,staffID) VALUES (201,'Joseph','Phillips','88 Yoshi Valley',1255042469,'2001-06-28',8);
INSERT INTO Member(memberID, fName, lName, address, phoneNumber, dateJoined ,staffID) VALUES (202,'Carson','Bell','17 Wario Colesseum',1255042185,'2008-05-8',4);
INSERT INTO Member(memberID, fName, lName, address, phoneNumber, dateJoined ,staffID) VALUES (203,'Kaitlyn','Walker','42 Cheep Cheep Lagoon',1255052762,'2011-08-19',3);
INSERT INTO Member(memberID, fName, lName, address, phoneNumber, dateJoined ,staffID) VALUES (204,'Ryker','Rodriguez','116 Adams',1255057733,'1999-06-24',2);
INSERT INTO Member(memberID, fName, lName, address, phoneNumber, dateJoined ,staffID) VALUES (205,'Matthew','Roberts','59 Peach Circuit',1255060268,'1994-02-25',3);
INSERT INTO Member(memberID, fName, lName, address, phoneNumber, dateJoined ,staffID) VALUES (206,'Owen','Allen','34 Luigi Raceway',1255063860,'2010-09-6',1);
INSERT INTO Member(memberID, fName, lName, address, phoneNumber, dateJoined ,staffID) VALUES (207,'Emily','Price','41 Luigi Mansion',1255059228,'2011-07-2',1);
INSERT INTO Member(memberID, fName, lName, address, phoneNumber, dateJoined ,staffID) VALUES (208,'Savannah','White','24 DK Jungle Parkway',1255054145,'2005-04-12',2);
INSERT INTO Member(memberID, fName, lName, address, phoneNumber, dateJoined ,staffID) VALUES (209,'Caleb','Sullivan','68 Yoshi Valley',1255043477,'2002-09-21',6);
INSERT INTO Member(memberID, fName, lName, address, phoneNumber, dateJoined ,staffID) VALUES (210,'David','Perez','54 Wario Colesseum',1255045160,'2005-01-10',9);
INSERT INTO Member(memberID, fName, lName, address, phoneNumber, dateJoined ,staffID) VALUES (211,'Jackson','Long','120 Dellfino Square',1255039398,'2002-06-12',8);
INSERT INTO Member(memberID, fName, lName, address, phoneNumber, dateJoined ,staffID) VALUES (212,'Sophie','Moore','123 DK Summit',1255046138,'2000-06-23',6);
INSERT INTO Member(memberID, fName, lName, address, phoneNumber, dateJoined ,staffID) VALUES (213,'Noah','Cruz','120 Bowser Castle',1255032925,'2001-05-4',9);
INSERT INTO Member(memberID, fName, lName, address, phoneNumber, dateJoined ,staffID) VALUES (214,'Mason','Ross','16 Choco Mountain',1255043051,'1997-03-18',10);
INSERT INTO Member(memberID, fName, lName, address, phoneNumber, dateJoined ,staffID) VALUES (215,'Jayden','Foster','46 Luigi Mansion',1255056100,'2012-01-27',4);
INSERT INTO Member(memberID, fName, lName, address, phoneNumber, dateJoined ,staffID) VALUES (216,'Norah','Wood','67 Moonview Highway',1255035373,'2009-04-27',4);
INSERT INTO Member(memberID, fName, lName, address, phoneNumber, dateJoined ,staffID) VALUES (217,'Hannah','Robinson','60 Mario Circuit',1255050310,'2006-06-26',7);
INSERT INTO Member(memberID, fName, lName, address, phoneNumber, dateJoined ,staffID) VALUES (218,'Brody','Sullivan','140 Yoshi Valley',1255054829,'2006-07-20',4);
INSERT INTO Member(memberID, fName, lName, address, phoneNumber, dateJoined ,staffID) VALUES (219,'Blake','Murphy','49 Koopa Troopa Beach',1255042192,'2009-01-8',9);
INSERT INTO Member(memberID, fName, lName, address, phoneNumber, dateJoined ,staffID) VALUES (220,'Alexander','Mitchell','120 Yoshi Valley',1255052453,'2007-04-20',8);
INSERT INTO Member(memberID, fName, lName, address, phoneNumber, dateJoined ,staffID) VALUES (221,'Evelyn','Sanders','122 DK Summit',1255037487,'2006-04-26',9);
INSERT INTO Member(memberID, fName, lName, address, phoneNumber, dateJoined ,staffID) VALUES (222,'Everl','Wright','61 Sherbert Land',1255059039,'2005-01-28',8);
INSERT INTO Member(memberID, fName, lName, address, phoneNumber, dateJoined ,staffID) VALUES (223,'Declan','Lopez','14 DK Jungle Parkway',1255039917,'2005-03-23',1);
INSERT INTO Member(memberID, fName, lName, address, phoneNumber, dateJoined ,staffID) VALUES (224,'Carter','Gutierrez','107 Toad Circuit',1255044138,'1999-02-9',10);
INSERT INTO Member(memberID, fName, lName, address, phoneNumber, dateJoined ,staffID) VALUES (225,'Landon','Butler','141 Coconut Mall',1255054146,'1997-05-1',5);
INSERT INTO Member(memberID, fName, lName, address, phoneNumber, dateJoined ,staffID) VALUES (226,'Julia','Morgan','36 Peach Gardens',1255061570,'1997-05-17',3);
INSERT INTO Member(memberID, fName, lName, address, phoneNumber, dateJoined ,staffID) VALUES (227,'Austin','Garciav','41 Peach Circuit',1255049938,'1997-06-23',5);
INSERT INTO Member(memberID, fName, lName, address, phoneNumber, dateJoined ,staffID) VALUES (228,'jamin','Stewart','31 Shy Guy Falls',1255057083,'2007-08-27',3);
INSERT INTO Member(memberID, fName, lName, address, phoneNumber, dateJoined ,staffID) VALUES (229,'Hayden','Perez','96 Kalamari Desert',1255046739,'2010-07-18',1);
INSERT INTO Member(memberID, fName, lName, address, phoneNumber, dateJoined ,staffID) VALUES (230,'Riley','Wood','48 Luigi Mansion',1255045564,'2013-06-14',2);
INSERT INTO Member(memberID, fName, lName, address, phoneNumber, dateJoined ,staffID) VALUES (231,'Hudson','Perry','94 Banshee Boardwalk',1255056299,'2011-09-15',5);
INSERT INTO Member(memberID, fName, lName, address, phoneNumber, dateJoined ,staffID) VALUES (232,'Nicholas','Phillips','99 Waluigi Stadium',1255035071,'1995-03-16',1);
INSERT INTO Member(memberID, fName, lName, address, phoneNumber, dateJoined ,staffID) VALUES (233,'Hannah','Fisher','15 Peach Circuit',1255058054,'2001-09-25',1);
INSERT INTO Member(memberID, fName, lName, address, phoneNumber, dateJoined ,staffID) VALUES (234,'Lucy','Lee','135 Warioi Stadium',1255035058,'2001-05-21',7);
INSERT INTO Member(memberID, fName, lName, address, phoneNumber, dateJoined ,staffID) VALUES (235,'Brielle','Perry','39 Mushroom Gorge',1255056315,'2013-03-24',3);
INSERT INTO Member(memberID, fName, lName, address, phoneNumber, dateJoined ,staffID) VALUES (236,'Evan','Williams','79 Luigi Mansion',1255037687,'2005-01-2',4);
INSERT INTO Member(memberID, fName, lName, address, phoneNumber, dateJoined ,staffID) VALUES (237,'Elena','Walker','114 Toad Circuit',1255059249,'2011-01-17',1);
INSERT INTO Member(memberID, fName, lName, address, phoneNumber, dateJoined ,staffID) VALUES (238,'Violet','Reed','70 Shy Guy Falls',1255039889,'1995-03-2',4);
INSERT INTO Member(memberID, fName, lName, address, phoneNumber, dateJoined ,staffID) VALUES (239,'Connor','King','53 Warioi Stadium',1255039077,'2002-03-20',1);
INSERT INTO Member(memberID, fName, lName, address, phoneNumber, dateJoined ,staffID) VALUES (240,'Penelope','Hernandez','25 Moonview Highway',1255033591,'2000-03-20',4);
INSERT INTO Member(memberID, fName, lName, address, phoneNumber, dateJoined ,staffID) VALUES (241,'Annabelle','Cook','135 Luigi Mansion',1255044355,'2002-06-2',2);
INSERT INTO Member(memberID, fName, lName, address, phoneNumber, dateJoined ,staffID) VALUES (242,'Lincoln','Turner','25 Waluigi Stadium',1255059054,'1997-01-20',3);
INSERT INTO Member(memberID, fName, lName, address, phoneNumber, dateJoined ,staffID) VALUES (243,'Sienna','Kelly','5 Dellfino Square',1255036460,'2005-06-14',8);
INSERT INTO Member(memberID, fName, lName, address, phoneNumber, dateJoined ,staffID) VALUES (244,'Mason','Wood','115 Coconut Mall',1255043542,'1999-02-8',4);
INSERT INTO Member(memberID, fName, lName, address, phoneNumber, dateJoined ,staffID) VALUES (245,'Mya','Bennett','41 Luigi Mansion',1255060580,'1994-06-7',1);
INSERT INTO Member(memberID, fName, lName, address, phoneNumber, dateJoined ,staffID) VALUES (246,'Levi','Rivera','26 Mushroom Gorge',1255041104,'2008-03-11',8);
INSERT INTO Member(memberID, fName, lName, address, phoneNumber, dateJoined ,staffID) VALUES (247,'Mia','Mitchell','48 Luigi Mansion',1255059257,'2003-02-11',6);
INSERT INTO Member(memberID, fName, lName, address, phoneNumber, dateJoined ,staffID) VALUES (248,'Owen','Flores','77 Mario Raceway',1255048483,'2003-05-17',6);
INSERT INTO Member(memberID, fName, lName, address, phoneNumber, dateJoined ,staffID) VALUES (249,'Audrey','Phillips','43 Banshee Boardwalk',1255060766,'2007-02-9',6);
INSERT INTO Member(memberID, fName, lName, address, phoneNumber, dateJoined ,staffID) VALUES (250,'Ayla','Smith','75 Sherbert Land',1255044298,'1998-06-18',4);
INSERT INTO Member(memberID, fName, lName, address, phoneNumber, dateJoined ,staffID) VALUES (251,'Everl','Lee','100 Warioi Stadium',1255042333,'1995-01-4',5);
INSERT INTO Member(memberID, fName, lName, address, phoneNumber, dateJoined ,staffID) VALUES (252,'Wilm','Fisher','69 DK Jungle',1255044634,'2010-08-7',9);
INSERT INTO Member(memberID, fName, lName, address, phoneNumber, dateJoined ,staffID) VALUES (253,'Lily','Torres','89 Choco Mountain',1255037756,'1999-06-24',1);
INSERT INTO Member(memberID, fName, lName, address, phoneNumber, dateJoined ,staffID) VALUES (254,'Charles','Turner','52 Peach Gardens',1255036367,'2003-02-15',4);
INSERT INTO Member(memberID, fName, lName, address, phoneNumber, dateJoined ,staffID) VALUES (255,'Clara','Cook','72 Luigi Mansion',1255037398,'2012-06-1',7);
INSERT INTO Member(memberID, fName, lName, address, phoneNumber, dateJoined ,staffID) VALUES (256,'Evelyn','Brooks','21 Mushroom Gorge',1255054102,'2006-04-13',2);
INSERT INTO Member(memberID, fName, lName, address, phoneNumber, dateJoined ,staffID) VALUES (257,'Taylor','Long','121 Mario Circuit',1255064881,'2007-04-21',9);
INSERT INTO Member(memberID, fName, lName, address, phoneNumber, dateJoined ,staffID) VALUES (258,'Audrey','Bell','83 Choco Island',1255035329,'2001-07-1',7);
INSERT INTO Member(memberID, fName, lName, address, phoneNumber, dateJoined ,staffID) VALUES (259,'Jordan','Taylor','84 Mario Raceway',1255056405,'2005-01-1',1);
INSERT INTO Member(memberID, fName, lName, address, phoneNumber, dateJoined ,staffID) VALUES (260,'Georgia','Foster','37 Choco Island',1255046983,'2005-09-10',2);
INSERT INTO Member(memberID, fName, lName, address, phoneNumber, dateJoined ,staffID) VALUES (261,'Eleanor','Gomez','100 Yoshi Falls',1255046971,'1997-08-20',10);
INSERT INTO Member(memberID, fName, lName, address, phoneNumber, dateJoined ,staffID) VALUES (262,'Ellie','Davis','49 Yoshi Falls',1255064009,'2010-01-4',2);
INSERT INTO Member(memberID, fName, lName, address, phoneNumber, dateJoined ,staffID) VALUES (263,'Lucy','Perry','49 Mushroom Gorge',1255033536,'1995-05-7',3);
INSERT INTO Member(memberID, fName, lName, address, phoneNumber, dateJoined ,staffID) VALUES (264,'Brielle','Allen','134 Kalamari Desert',1255042215,'2006-03-7',10);
INSERT INTO Member(memberID, fName, lName, address, phoneNumber, dateJoined ,staffID) VALUES (265,'Asher','Turner','149 Mario Circuit',1255051272,'2013-07-7',9);
INSERT INTO Member(memberID, fName, lName, address, phoneNumber, dateJoined ,staffID) VALUES (266,'Sofia','Wilson','8 Choco Island',1255062637,'2003-05-22',1);
INSERT INTO Member(memberID, fName, lName, address, phoneNumber, dateJoined ,staffID) VALUES (267,'Autumn','Cox','30 Kalamari Desert',1255062453,'2008-03-25',5);
INSERT INTO Member(memberID, fName, lName, address, phoneNumber, dateJoined ,staffID) VALUES (268,'Nora','Ward','132 Adams',1255048233,'1999-04-24',1);
INSERT INTO Member(memberID, fName, lName, address, phoneNumber, dateJoined ,staffID) VALUES (269,'Hudson','Bennett','106 Mushroom Gorge',1255039641,'1996-06-16',1);
INSERT INTO Member(memberID, fName, lName, address, phoneNumber, dateJoined ,staffID) VALUES (270,'Samantha','Lee','28 Frappe Snowland',1255051358,'2013-01-1',10);
INSERT INTO Member(memberID, fName, lName, address, phoneNumber, dateJoined ,staffID) VALUES (271,'Rowan','Allen','146 Luigi Raceway',1255033296,'1999-06-3',4);
INSERT INTO Member(memberID, fName, lName, address, phoneNumber, dateJoined ,staffID) VALUES (272,'Sarah','Richardson','15 Sherbert Land',1255045170,'2009-07-1',10);
INSERT INTO Member(memberID, fName, lName, address, phoneNumber, dateJoined ,staffID) VALUES (273,'Layla','Edwards','105 Warioi Stadium',1255035237,'2008-03-27',2);
INSERT INTO Member(memberID, fName, lName, address, phoneNumber, dateJoined ,staffID) VALUES (274,'James','Mitchell','47 Peach Circuit',1255064464,'2006-02-24',6);
INSERT INTO Member(memberID, fName, lName, address, phoneNumber, dateJoined ,staffID) VALUES (275,'Anthony','Brown','75 Peach Gardens',1255038510,'2001-02-10',10);
INSERT INTO Member(memberID, fName, lName, address, phoneNumber, dateJoined ,staffID) VALUES (276,'Claire','Harris','86 DK Summit',1255062860,'2001-09-23',6);
INSERT INTO Member(memberID, fName, lName, address, phoneNumber, dateJoined ,staffID) VALUES (277,'Leo','King','134 Yoshi Falls',1255036609,'2013-02-14',4);
INSERT INTO Member(memberID, fName, lName, address, phoneNumber, dateJoined ,staffID) VALUES (278,'Anna','James','10 Yoshi Valley',1255049871,'1997-08-19',5);
INSERT INTO Member(memberID, fName, lName, address, phoneNumber, dateJoined ,staffID) VALUES (279,'Alyssa','Hill','111 Dellfino Square',1255049394,'2010-07-9',5);
INSERT INTO Member(memberID, fName, lName, address, phoneNumber, dateJoined ,staffID) VALUES (280,'Nathan','Wilson','74 Mushroom Gorge',1255064855,'2000-06-27',4);
INSERT INTO Member(memberID, fName, lName, address, phoneNumber, dateJoined ,staffID) VALUES (281,'Sienna','Evans','97 Bowser Castle',1255057021,'2007-08-20',9);
INSERT INTO Member(memberID, fName, lName, address, phoneNumber, dateJoined ,staffID) VALUES (282,'Penelope','Anderson','97 Yoshi Valley',1255042062,'2003-01-24',4);
INSERT INTO Member(memberID, fName, lName, address, phoneNumber, dateJoined ,staffID) VALUES (283,'Colton','Sanders','124 Koopa Troopa Beach',1255035846,'1998-07-8',7);
INSERT INTO Member(memberID, fName, lName, address, phoneNumber, dateJoined ,staffID) VALUES (284,'Joshua','Thomas','85 Shy Guy Falls',1255053186,'2002-05-10',5);
INSERT INTO Member(memberID, fName, lName, address, phoneNumber, dateJoined ,staffID) VALUES (285,'Addison','Morgan','146 Mario Circuit',1255060689,'2013-04-8',8);
INSERT INTO Member(memberID, fName, lName, address, phoneNumber, dateJoined ,staffID) VALUES (286,'Tyson','Turner','60 Sherbert Land',1255048387,'1999-04-2',9);
INSERT INTO Member(memberID, fName, lName, address, phoneNumber, dateJoined ,staffID) VALUES (287,'Paisley','Gonzalez','67 Sherbert Land',1255047013,'1994-03-23',1);
INSERT INTO Member(memberID, fName, lName, address, phoneNumber, dateJoined ,staffID) VALUES (288,'Arya','Hall','90 Yoshi Valley',1255038522,'1994-05-22',7);
INSERT INTO Member(memberID, fName, lName, address, phoneNumber, dateJoined ,staffID) VALUES (289,'Henry','Morgan','62 Luigi Raceway',1255042681,'2002-08-12',8);
INSERT INTO Member(memberID, fName, lName, address, phoneNumber, dateJoined ,staffID) VALUES (290,'Amelia','Peterson','101 Mario Circuit',1255055217,'2002-09-3',5);
INSERT INTO Member(memberID, fName, lName, address, phoneNumber, dateJoined ,staffID) VALUES (291,'Jordan','Price','37 Yoshi Falls',1255049047,'2013-02-25',10);
INSERT INTO Member(memberID, fName, lName, address, phoneNumber, dateJoined ,staffID) VALUES (292,'Brooklyn','Allen','10 Choco Mountain',1255061089,'2001-09-4',9);
INSERT INTO Member(memberID, fName, lName, address, phoneNumber, dateJoined ,staffID) VALUES (293,'Hannah','Davis','81 Kalamari Desert',1255056925,'2010-02-10',3);
INSERT INTO Member(memberID, fName, lName, address, phoneNumber, dateJoined ,staffID) VALUES (294,'Carter','Howard','128 Dellfino Square',1255052612,'1994-06-12',7);
INSERT INTO Member(memberID, fName, lName, address, phoneNumber, dateJoined ,staffID) VALUES (295,'Paisley','Young','101 Mushroom Gorge',1255053502,'2000-07-25',9);
INSERT INTO Member(memberID, fName, lName, address, phoneNumber, dateJoined ,staffID) VALUES (296,'Quinn','Nelson','63 Choco Mountain',1255038081,'2004-04-22',9);
INSERT INTO Member(memberID, fName, lName, address, phoneNumber, dateJoined ,staffID) VALUES (297,'Connor','Davis','72 Peach Gardens',1255045878,'2003-05-6',2);
INSERT INTO Member(memberID, fName, lName, address, phoneNumber, dateJoined ,staffID) VALUES (298,'Owen','Rodriguez','38 Coconut Mall',1255058020,'2012-06-23',4);
INSERT INTO Member(memberID, fName, lName, address, phoneNumber, dateJoined ,staffID) VALUES (299,'Peyton','Martinez','27 Waluigi Stadium',1255037648,'2002-04-17',9);
INSERT INTO Member(memberID, fName, lName, address, phoneNumber, dateJoined ,staffID) VALUES (300,'Taylor','White','9 Bowser Castle',1255048898,'1994-02-18',6);
INSERT INTO Member(memberID, fName, lName, address, phoneNumber, dateJoined ,staffID) VALUES (301,'Leah','Lewis','55 Mushroom Gorge',1255062701,'1997-08-20',5);
INSERT INTO Member(memberID, fName, lName, address, phoneNumber, dateJoined ,staffID) VALUES (302,'Ryder','Scott','103 Peach Circuit',1255037635,'2004-03-1',10);
INSERT INTO Member(memberID, fName, lName, address, phoneNumber, dateJoined ,staffID) VALUES (303,'Ryan','Williams','96 Wario Colesseum',1255059173,'2007-07-22',1);
INSERT INTO Member(memberID, fName, lName, address, phoneNumber, dateJoined ,staffID) VALUES (304,'Isabella','Kelly','18 Stadium',1255047513,'2011-07-23',7);
INSERT INTO Member(memberID, fName, lName, address, phoneNumber, dateJoined ,staffID) VALUES (305,'Audrey','Parker','11 Banshee Boardwalk',1255051396,'2002-04-22',6);
INSERT INTO Member(memberID, fName, lName, address, phoneNumber, dateJoined ,staffID) VALUES (306,'Zoey','Sanders','76 Frappe Snowland',1255033656,'1994-06-6',5);
INSERT INTO Member(memberID, fName, lName, address, phoneNumber, dateJoined ,staffID) VALUES (307,'Evelyn','Jones','10 Shy Guy Falls',1255033779,'1996-08-27',5);
INSERT INTO Member(memberID, fName, lName, address, phoneNumber, dateJoined ,staffID) VALUES (308,'Parker','Young','115 Wario Colesseum',1255039299,'2002-05-21',3);
INSERT INTO Member(memberID, fName, lName, address, phoneNumber, dateJoined ,staffID) VALUES (309,'Lucy','Taylor','133 Frappe Snowland',1255037882,'1994-08-17',6);
INSERT INTO Member(memberID, fName, lName, address, phoneNumber, dateJoined ,staffID) VALUES (310,'Lucy','Turner','134 Coconut Mall',1255035600,'1994-06-10',4);
INSERT INTO Member(memberID, fName, lName, address, phoneNumber, dateJoined ,staffID) VALUES (311,'Stella','Cox','72 Choco Mountain',1255036886,'2006-05-17',7);
INSERT INTO Member(memberID, fName, lName, address, phoneNumber, dateJoined ,staffID) VALUES (312,'Nathan','Bailey','104 DK Jungle Parkway',1255039282,'2013-03-20',10);
INSERT INTO Member(memberID, fName, lName, address, phoneNumber, dateJoined ,staffID) VALUES (313,'Kaitlyn','Peterson','146 Choco Island',1255061290,'2002-04-12',10);
INSERT INTO Member(memberID, fName, lName, address, phoneNumber, dateJoined ,staffID) VALUES (314,'Avery','Barnes','37 Frappe Snowland',1255034978,'2003-09-21',7);
INSERT INTO Member(memberID, fName, lName, address, phoneNumber, dateJoined ,staffID) VALUES (315,'Zachary','Rogers','124 Yoshi Valley',1255040917,'1996-03-6',2);
INSERT INTO Member(memberID, fName, lName, address, phoneNumber, dateJoined ,staffID) VALUES (316,'Annabelle','Martin','98 Frappe Snowland',1255062726,'1998-03-13',2);
INSERT INTO Member(memberID, fName, lName, address, phoneNumber, dateJoined ,staffID) VALUES (317,'David','Gray','146 Sherbert Land',1255043125,'2011-07-14',10);
INSERT INTO Member(memberID, fName, lName, address, phoneNumber, dateJoined ,staffID) VALUES (318,'Anna','Gray','105 Coconut Mall',1255063651,'2007-05-1',6);
INSERT INTO Member(memberID, fName, lName, address, phoneNumber, dateJoined ,staffID) VALUES (319,'Matthew','Collins','5 Shy Guy Falls',1255047649,'1994-01-1',10);
INSERT INTO Member(memberID, fName, lName, address, phoneNumber, dateJoined ,staffID) VALUES (320,'Elizabeth','Bell','109 Luigi Raceway',1255054846,'2012-01-16',6);
INSERT INTO Member(memberID, fName, lName, address, phoneNumber, dateJoined ,staffID) VALUES (321,'Norah','Russell','128 Stadium',1255037665,'2010-08-14',5);
INSERT INTO Member(memberID, fName, lName, address, phoneNumber, dateJoined ,staffID) VALUES (322,'Elena','Sullivan','27 Dellfino Square',1255065338,'1998-01-10',10);
INSERT INTO Member(memberID, fName, lName, address, phoneNumber, dateJoined ,staffID) VALUES (323,'Taylor','Peterson','85 Peach Gardens',1255051424,'2005-05-22',2);
INSERT INTO Member(memberID, fName, lName, address, phoneNumber, dateJoined ,staffID) VALUES (324,'Layla','Richardson','122 Peach Circuit',1255043312,'2004-06-11',1);
INSERT INTO Member(memberID, fName, lName, address, phoneNumber, dateJoined ,staffID) VALUES (325,'Eli','Johnson','23 Yoshi Falls',1255045440,'2002-03-8',10);
INSERT INTO Member(memberID, fName, lName, address, phoneNumber, dateJoined ,staffID) VALUES (326,'Caleb','Rogers','101 Cheep Cheep Lagoon',1255055958,'2009-07-11',8);
INSERT INTO Member(memberID, fName, lName, address, phoneNumber, dateJoined ,staffID) VALUES (327,'Stella','Ramirez','58 DK Summit',1255039019,'2009-05-18',2);
INSERT INTO Member(memberID, fName, lName, address, phoneNumber, dateJoined ,staffID) VALUES (328,'Weston','Scott','118 Luigi Mansion',1255059894,'1997-09-7',9);
INSERT INTO Member(memberID, fName, lName, address, phoneNumber, dateJoined ,staffID) VALUES (329,'Lucas','Allen','21 Luigi Raceway',1255062549,'1997-02-9',1);
INSERT INTO Member(memberID, fName, lName, address, phoneNumber, dateJoined ,staffID) VALUES (330,'Sawyer','Ortiz','7 Sherbert Land',1255061821,'2005-08-11',3);
INSERT INTO Member(memberID, fName, lName, address, phoneNumber, dateJoined ,staffID) VALUES (331,'Natalie','Morgan','105 Bowser Castle',1255051796,'2005-04-8',10);
INSERT INTO Member(memberID, fName, lName, address, phoneNumber, dateJoined ,staffID) VALUES (332,'Jackson','Clark','135 Bowser Castle',1255049386,'2010-02-24',7);
INSERT INTO Member(memberID, fName, lName, address, phoneNumber, dateJoined ,staffID) VALUES (333,'Sarah','Stewart','72 Stadium',1255039155,'2010-08-5',7);
INSERT INTO Member(memberID, fName, lName, address, phoneNumber, dateJoined ,staffID) VALUES (334,'John','Richardson','71 Koopa Troopa Beach',1255061991,'2012-02-14',2);
INSERT INTO Member(memberID, fName, lName, address, phoneNumber, dateJoined ,staffID) VALUES (335,'Dominic','Gomez','143 Warioi Stadium',1255057195,'2010-02-9',6);
INSERT INTO Member(memberID, fName, lName, address, phoneNumber, dateJoined ,staffID) VALUES (336,'Joseph','Moore','33 Wario Colesseum',1255033045,'1994-04-19',2);
INSERT INTO Member(memberID, fName, lName, address, phoneNumber, dateJoined ,staffID) VALUES (337,'Jaxon','Young','94 Waluigi Stadium',1255059496,'2006-07-12',3);
INSERT INTO Member(memberID, fName, lName, address, phoneNumber, dateJoined ,staffID) VALUES (338,'Brielle','Nguyen','47 Banshee Boardwalk',1255046412,'1995-06-1',6);
INSERT INTO Member(memberID, fName, lName, address, phoneNumber, dateJoined ,staffID) VALUES (339,'Ryker','Nguyen','116 Yoshi Falls',1255048386,'1995-03-26',7);
INSERT INTO Member(memberID, fName, lName, address, phoneNumber, dateJoined ,staffID) VALUES (340,'Sophie','Sanchez','86 Toad Circuit',1255056548,'2005-01-8',6);
INSERT INTO Member(memberID, fName, lName, address, phoneNumber, dateJoined ,staffID) VALUES (341,'Eli','Lee','147 DK Summit',1255056281,'1994-01-28',8);
INSERT INTO Member(memberID, fName, lName, address, phoneNumber, dateJoined ,staffID) VALUES (342,'Leo','Bennett','87 Shy Guy Falls',1255055675,'2009-03-23',8);
INSERT INTO Member(memberID, fName, lName, address, phoneNumber, dateJoined ,staffID) VALUES (343,'Kayden','Turner','47 Mario Circuit',1255053614,'2003-04-8',5);
INSERT INTO Member(memberID, fName, lName, address, phoneNumber, dateJoined ,staffID) VALUES (344,'Addison','Reye','119 Bowser Castle',1255058651,'2005-06-12',1);
INSERT INTO Member(memberID, fName, lName, address, phoneNumber, dateJoined ,staffID) VALUES (345,'Nora','Sullivan','141 Dry Dry Desert',1255059950,'2001-05-1',6);
INSERT INTO Member(memberID, fName, lName, address, phoneNumber, dateJoined ,staffID) VALUES (346,'Elias','Martin','10 DK Jungle',1255051884,'1999-02-26',7);
INSERT INTO Member(memberID, fName, lName, address, phoneNumber, dateJoined ,staffID) VALUES (347,'Arya','Butler','98 DK Jungle Parkway',1255048080,'2007-02-12',5);
INSERT INTO Member(memberID, fName, lName, address, phoneNumber, dateJoined ,staffID) VALUES (348,'Charlie','Nelson','125 Luigi Mansion',1255042509,'2003-09-28',4);
INSERT INTO Member(memberID, fName, lName, address, phoneNumber, dateJoined ,staffID) VALUES (349,'Isaac','Sanders','74 Mario Raceway',1255033520,'1994-03-22',6);
INSERT INTO Member(memberID, fName, lName, address, phoneNumber, dateJoined ,staffID) VALUES (350,'Samuel','Harris','102 Luigi Raceway',1255043542,'2005-09-5',5);
INSERT INTO Member(memberID, fName, lName, address, phoneNumber, dateJoined ,staffID) VALUES (351,'Piper','Clark','10 Stadium',1255039700,'1997-05-7',7);
INSERT INTO Member(memberID, fName, lName, address, phoneNumber, dateJoined ,staffID) VALUES (352,'Joseph','Wright','77 Yoshi Valley',1255063243,'1995-03-10',9);
INSERT INTO Member(memberID, fName, lName, address, phoneNumber, dateJoined ,staffID) VALUES (353,'Hayden','Gutierrez','20 Mario Circuit',1255064113,'2012-08-19',10);
INSERT INTO Member(memberID, fName, lName, address, phoneNumber, dateJoined ,staffID) VALUES (354,'Linden','Sullivan','109 Peach Gardens',1255051780,'2007-08-19',2);
INSERT INTO Member(memberID, fName, lName, address, phoneNumber, dateJoined ,staffID) VALUES (355,'Levi','Gonzalez','29 Warioi Stadium',1255059448,'2005-09-20',9);
INSERT INTO Member(memberID, fName, lName, address, phoneNumber, dateJoined ,staffID) VALUES (356,'Hudson','Martinez','33 Sherbert Land',1255053276,'2001-04-28',8);
INSERT INTO Member(memberID, fName, lName, address, phoneNumber, dateJoined ,staffID) VALUES (357,'Jayden','Russell','27 Cheep Cheep Lagoon',1255060205,'2000-05-5',9);
INSERT INTO Member(memberID, fName, lName, address, phoneNumber, dateJoined ,staffID) VALUES (358,'Sofia','Clark','132 Wario Colesseum',1255045925,'2007-01-8',5);
INSERT INTO Member(memberID, fName, lName, address, phoneNumber, dateJoined ,staffID) VALUES (359,'Angela','Walker','17 Waluigi Stadium',1255032720,'2008-06-28',9);
INSERT INTO Member(memberID, fName, lName, address, phoneNumber, dateJoined ,staffID) VALUES (360,'Ryker','King','135 Mario Raceway',1255047598,'2006-01-19',5);
INSERT INTO Member(memberID, fName, lName, address, phoneNumber, dateJoined ,staffID) VALUES (361,'Alyssa','Parker','58 Adams',1255053359,'2006-07-10',8);
INSERT INTO Member(memberID, fName, lName, address, phoneNumber, dateJoined ,staffID) VALUES (362,'Chloe','Cruz','5 Koopa Troopa Beach',1255058338,'1998-03-2',4);
INSERT INTO Member(memberID, fName, lName, address, phoneNumber, dateJoined ,staffID) VALUES (363,'Leah','Murphy','24 DK Jungle Parkway',1255048841,'2006-07-11',6);
INSERT INTO Member(memberID, fName, lName, address, phoneNumber, dateJoined ,staffID) VALUES (364,'Owen','Brown','54 Luigi Raceway',1255044042,'2003-06-19',5);
INSERT INTO Member(memberID, fName, lName, address, phoneNumber, dateJoined ,staffID) VALUES (365,'Mackenzie','Cox','111 Dry Dry Desert',1255056885,'2000-04-21',5);
INSERT INTO Member(memberID, fName, lName, address, phoneNumber, dateJoined ,staffID) VALUES (366,'Kaitlyn','Diaz','134 Kalamari Desert',1255049460,'2009-01-12',2);
INSERT INTO Member(memberID, fName, lName, address, phoneNumber, dateJoined ,staffID) VALUES (367,'Zoe','Rodriguez','141 Dry Dry Desert',1255054892,'2000-07-13',6);
INSERT INTO Member(memberID, fName, lName, address, phoneNumber, dateJoined ,staffID) VALUES (368,'Lily','Rivera','140 Peach Circuit',1255060749,'2012-02-19',6);
INSERT INTO Member(memberID, fName, lName, address, phoneNumber, dateJoined ,staffID) VALUES (369,'Jackson','Perry','117 Dellfino Square',1255055895,'2012-06-21',3);
INSERT INTO Member(memberID, fName, lName, address, phoneNumber, dateJoined ,staffID) VALUES (370,'Alice','Peterson','2 Banshee Boardwalk',1255060662,'1995-02-6',3);
INSERT INTO Member(memberID, fName, lName, address, phoneNumber, dateJoined ,staffID) VALUES (371,'Henry','Martinez','137 Cheep Cheep Lagoon',1255048036,'2009-02-17',8);
INSERT INTO Member(memberID, fName, lName, address, phoneNumber, dateJoined ,staffID) VALUES (372,'Isabella','Clark','117 Kalamari Desert',1255051862,'2007-01-13',1);
INSERT INTO Member(memberID, fName, lName, address, phoneNumber, dateJoined ,staffID) VALUES (373,'Anna','Cooper','77 DK Summit',1255064229,'2004-03-2',4);
INSERT INTO Member(memberID, fName, lName, address, phoneNumber, dateJoined ,staffID) VALUES (374,'Asher','Cox','54 Mushroom Gorge',1255062008,'1996-01-3',8);
INSERT INTO Member(memberID, fName, lName, address, phoneNumber, dateJoined ,staffID) VALUES (375,'Avery','Myers','88 Kalamari Desert',1255054658,'2005-03-1',1);
INSERT INTO Member(memberID, fName, lName, address, phoneNumber, dateJoined ,staffID) VALUES (376,'Harrison','Turner','141 Banshee Boardwalk',1255047035,'1997-01-7',2);
INSERT INTO Member(memberID, fName, lName, address, phoneNumber, dateJoined ,staffID) VALUES (377,'Ryder','Carter','91 Moonview Highway',1255036304,'1995-08-23',7);
INSERT INTO Member(memberID, fName, lName, address, phoneNumber, dateJoined ,staffID) VALUES (378,'Audrey','Ross','84 Moo Moo Farm',1255065301,'2008-02-26',2);
INSERT INTO Member(memberID, fName, lName, address, phoneNumber, dateJoined ,staffID) VALUES (379,'Declan','Russell','114 Waluigi Stadium',1255052992,'2003-07-10',3);
INSERT INTO Member(memberID, fName, lName, address, phoneNumber, dateJoined ,staffID) VALUES (380,'Owen','Thomas','137 Toad Circuit',1255044736,'1997-04-12',4);
INSERT INTO Member(memberID, fName, lName, address, phoneNumber, dateJoined ,staffID) VALUES (381,'Taylor','Price','85 Cheep Cheep Lagoon',1255060875,'2009-01-12',2);
INSERT INTO Member(memberID, fName, lName, address, phoneNumber, dateJoined ,staffID) VALUES (382,'Matthew','Butler','8 DK Jungle Parkway',1255040582,'2007-03-22',7);
INSERT INTO Member(memberID, fName, lName, address, phoneNumber, dateJoined ,staffID) VALUES (383,'Samantha','Brown','85 Dellfino Square',1255045060,'1996-04-14',3);
INSERT INTO Member(memberID, fName, lName, address, phoneNumber, dateJoined ,staffID) VALUES (384,'Summer','Sanchez','57 Cheep Cheep Lagoon',1255057673,'2000-08-14',7);
INSERT INTO Member(memberID, fName, lName, address, phoneNumber, dateJoined ,staffID) VALUES (385,'Rowan','Gomez','83 Coconut Mall',1255034930,'2003-07-22',8);
INSERT INTO Member(memberID, fName, lName, address, phoneNumber, dateJoined ,staffID) VALUES (386,'Ava','Hill','6 Mushroom Gorge',1255042615,'2011-07-22',2);
INSERT INTO Member(memberID, fName, lName, address, phoneNumber, dateJoined ,staffID) VALUES (387,'Audrey','Barnes','101 Choco Mountain',1255041382,'1997-03-19',6);
INSERT INTO Member(memberID, fName, lName, address, phoneNumber, dateJoined ,staffID) VALUES (388,'Mya','Gomez','23 Yoshi Valley',1255036942,'1997-08-20',10);
INSERT INTO Member(memberID, fName, lName, address, phoneNumber, dateJoined ,staffID) VALUES (389,'Gavin','Jones','79 Frappe Snowland',1255063915,'2004-09-14',4);
INSERT INTO Member(memberID, fName, lName, address, phoneNumber, dateJoined ,staffID) VALUES (390,'Logan','Evans','44 Mario Circuit',1255052762,'1997-05-16',10);
INSERT INTO Member(memberID, fName, lName, address, phoneNumber, dateJoined ,staffID) VALUES (391,'Rachel','Diaz','148 Bowser Castle',1255033205,'2007-01-6',3);
INSERT INTO Member(memberID, fName, lName, address, phoneNumber, dateJoined ,staffID) VALUES (392,'Avery','Thomas','3 Luigi Raceway',1255040464,'1995-01-27',3);
INSERT INTO Member(memberID, fName, lName, address, phoneNumber, dateJoined ,staffID) VALUES (393,'Samuel','Perry','138 Luigi Raceway',1255032843,'2003-07-7',7);
INSERT INTO Member(memberID, fName, lName, address, phoneNumber, dateJoined ,staffID) VALUES (394,'Tyson','Baker','122 Peach Gardens',1255041082,'2004-03-6',5);
INSERT INTO Member(memberID, fName, lName, address, phoneNumber, dateJoined ,staffID) VALUES (395,'Maya','James','6 Coconut Mall',1255043382,'1997-03-5',8);
INSERT INTO Member(memberID, fName, lName, address, phoneNumber, dateJoined ,staffID) VALUES (396,'Oliver','Myers','11 Waluigi Stadium',1255044618,'2011-04-9',6);
INSERT INTO Member(memberID, fName, lName, address, phoneNumber, dateJoined ,staffID) VALUES (397,'Peyton','Wilson','79 Shy Guy Falls',1255053243,'2010-07-27',8);
INSERT INTO Member(memberID, fName, lName, address, phoneNumber, dateJoined ,staffID) VALUES (398,'Nicholas','Harris','7 Sherbert Land',1255048977,'2012-05-9',9);
INSERT INTO Member(memberID, fName, lName, address, phoneNumber, dateJoined ,staffID) VALUES (399,'Dominic','Green','13 Koopa Troopa Beach',1255035758,'2013-01-21',8);
INSERT INTO Member(memberID, fName, lName, address, phoneNumber, dateJoined ,staffID) VALUES (400,'Ruby','Bailey','77 Yoshi Falls',1255059562,'2010-03-21',9);
INSERT INTO Member(memberID, fName, lName, address, phoneNumber, dateJoined ,staffID) VALUES (401,'Caleb','Murphy','119 Waluigi Stadium',1255033883,'1994-01-1',6);
INSERT INTO Member(memberID, fName, lName, address, phoneNumber, dateJoined ,staffID) VALUES (402,'Alexander','Hernandez','102 Koopa Troopa Beach',1255043549,'2001-07-8',5);
INSERT INTO Member(memberID, fName, lName, address, phoneNumber, dateJoined ,staffID) VALUES (403,'Cameron','Moore','47 Frappe Snowland',1255036321,'2000-02-22',9);
INSERT INTO Member(memberID, fName, lName, address, phoneNumber, dateJoined ,staffID) VALUES (404,'Naomi','Sanchez','49 Kalamari Desert',1255045442,'1995-04-17',6);
INSERT INTO Member(memberID, fName, lName, address, phoneNumber, dateJoined ,staffID) VALUES (405,'Eric','Moore','63 Dellfino Square',1255047463,'1996-03-16',5);
INSERT INTO Member(memberID, fName, lName, address, phoneNumber, dateJoined ,staffID) VALUES (406,'Savannah','Martin','30 Adams',1255064879,'2006-04-5',9);
INSERT INTO Member(memberID, fName, lName, address, phoneNumber, dateJoined ,staffID) VALUES (407,'Sophia','Anderson','47 Moo Moo Farm',1255049370,'2003-08-4',2);
INSERT INTO Member(memberID, fName, lName, address, phoneNumber, dateJoined ,staffID) VALUES (408,'Madeline','Scott','93 Mushroom Gorge',1255060601,'2004-05-1',6);
INSERT INTO Member(memberID, fName, lName, address, phoneNumber, dateJoined ,staffID) VALUES (409,'Nolan','Rodriguez','59 Coconut Mall',1255036120,'2000-07-22',7);
INSERT INTO Member(memberID, fName, lName, address, phoneNumber, dateJoined ,staffID) VALUES (410,'Lincoln','Gomez','81 Kalamari Desert',1255056965,'2004-05-6',1);
INSERT INTO Member(memberID, fName, lName, address, phoneNumber, dateJoined ,staffID) VALUES (411,'Liam','Mitchell','70 Sherbert Land',1255056429,'2010-04-26',7);
INSERT INTO Member(memberID, fName, lName, address, phoneNumber, dateJoined ,staffID) VALUES (412,'Lincoln','Cook','56 Kalamari Desert',1255040710,'2011-01-3',3);
INSERT INTO Member(memberID, fName, lName, address, phoneNumber, dateJoined ,staffID) VALUES (413,'Isla','Hernandez','58 Kalamari Desert',1255036429,'2000-08-11',9);
INSERT INTO Member(memberID, fName, lName, address, phoneNumber, dateJoined ,staffID) VALUES (414,'Ryder','Rivera','112 Luigi Raceway',1255034586,'2003-03-19',10);
INSERT INTO Member(memberID, fName, lName, address, phoneNumber, dateJoined ,staffID) VALUES (415,'Theodore','Powell','34 Sherbert Land',1255041594,'1997-06-17',3);
INSERT INTO Member(memberID, fName, lName, address, phoneNumber, dateJoined ,staffID) VALUES (416,'Sadie','Mitchell','90 Mario Raceway',1255033119,'2007-05-4',4);
INSERT INTO Member(memberID, fName, lName, address, phoneNumber, dateJoined ,staffID) VALUES (417,'Elizabeth','Morgan','130 Dellfino Square',1255056555,'1995-04-28',6);
INSERT INTO Member(memberID, fName, lName, address, phoneNumber, dateJoined ,staffID) VALUES (418,'Aiden','Williams','39 Shy Guy Falls',1255042364,'2013-07-22',2);
INSERT INTO Member(memberID, fName, lName, address, phoneNumber, dateJoined ,staffID) VALUES (419,'Quinn','Rivera','85 Peach Gardens',1255036148,'2008-09-8',1);
INSERT INTO Member(memberID, fName, lName, address, phoneNumber, dateJoined ,staffID) VALUES (420,'Theodore','Russell','105 Koopa Troopa Beach',1255055982,'1996-01-17',6);
INSERT INTO Member(memberID, fName, lName, address, phoneNumber, dateJoined ,staffID) VALUES (421,'Dylan','Evans','36 Yoshi Valley',1255065346,'2002-06-4',5);
INSERT INTO Member(memberID, fName, lName, address, phoneNumber, dateJoined ,staffID) VALUES (422,'Kaitlyn','Murphy','6 Choco Island',1255034013,'1997-06-7',3);
INSERT INTO Member(memberID, fName, lName, address, phoneNumber, dateJoined ,staffID) VALUES (423,'Matthew','Ortiz','81 Moo Moo Farm',1255060578,'2011-07-9',1);
INSERT INTO Member(memberID, fName, lName, address, phoneNumber, dateJoined ,staffID) VALUES (424,'Harper','Lewis','64 Banshee Boardwalk',1255046020,'1999-08-10',2);
INSERT INTO Member(memberID, fName, lName, address, phoneNumber, dateJoined ,staffID) VALUES (425,'Ayla','Jenkins','121 Toad Circuit',1255045233,'2003-08-25',4);
INSERT INTO Member(memberID, fName, lName, address, phoneNumber, dateJoined ,staffID) VALUES (426,'Alexander','Powell','87 Choco Mountain',1255045549,'2013-03-12',5);
INSERT INTO Member(memberID, fName, lName, address, phoneNumber, dateJoined ,staffID) VALUES (427,'Chase','Ross','93 Warioi Stadium',1255055140,'2013-05-6',6);
INSERT INTO Member(memberID, fName, lName, address, phoneNumber, dateJoined ,staffID) VALUES (428,'Ruby','Diaz','110 DK Summit',1255047505,'2013-04-11',7);
INSERT INTO Member(memberID, fName, lName, address, phoneNumber, dateJoined ,staffID) VALUES (429,'Alexis','Evans','43 Wario Colesseum',1255044427,'2000-04-26',2);
INSERT INTO Member(memberID, fName, lName, address, phoneNumber, dateJoined ,staffID) VALUES (430,'Aurora','Gonzalez','33 Kalamari Desert',1255036774,'2007-03-12',1);
INSERT INTO Member(memberID, fName, lName, address, phoneNumber, dateJoined ,staffID) VALUES (431,'Charlotte','White','43 Warioi Stadium',1255037562,'2004-03-21',1);
INSERT INTO Member(memberID, fName, lName, address, phoneNumber, dateJoined ,staffID) VALUES (432,'Violet','Campbell','32 Sherbert Land',1255057748,'2003-01-7',3);
INSERT INTO Member(memberID, fName, lName, address, phoneNumber, dateJoined ,staffID) VALUES (433,'Quinn','Cruz','30 Stadium',1255049211,'2010-01-12',10);
INSERT INTO Member(memberID, fName, lName, address, phoneNumber, dateJoined ,staffID) VALUES (434,'James','Edwards','94 Waluigi Stadium',1255036969,'1996-04-24',8);
INSERT INTO Member(memberID, fName, lName, address, phoneNumber, dateJoined ,staffID) VALUES (435,'Harper','Russell','50 DK Jungle',1255054721,'2010-09-9',7);
INSERT INTO Member(memberID, fName, lName, address, phoneNumber, dateJoined ,staffID) VALUES (436,'Lincoln','Miller','56 Banshee Boardwalk',1255042127,'2006-03-6',7);
INSERT INTO Member(memberID, fName, lName, address, phoneNumber, dateJoined ,staffID) VALUES (437,'Lucy','Turner','33 Yoshi Valley',1255037797,'1995-09-2',7);
INSERT INTO Member(memberID, fName, lName, address, phoneNumber, dateJoined ,staffID) VALUES (438,'Clara','Ross','41 Frappe Snowland',1255034633,'1995-01-22',4);
INSERT INTO Member(memberID, fName, lName, address, phoneNumber, dateJoined ,staffID) VALUES (439,'Natalie','Lee','136 Stadium',1255035838,'1995-03-6',6);
INSERT INTO Member(memberID, fName, lName, address, phoneNumber, dateJoined ,staffID) VALUES (440,'Aaron','Reed','34 Bowser Castle',1255058238,'1999-02-6',6);
INSERT INTO Member(memberID, fName, lName, address, phoneNumber, dateJoined ,staffID) VALUES (441,'Henry','Butler','138 Choco Mountain',1255036559,'2012-01-18',10);
INSERT INTO Member(memberID, fName, lName, address, phoneNumber, dateJoined ,staffID) VALUES (442,'Isabella','Murphy','145 Yoshi Falls',1255050597,'2013-05-14',10);
INSERT INTO Member(memberID, fName, lName, address, phoneNumber, dateJoined ,staffID) VALUES (443,'Alexander','Taylor','16 Luigi Mansion',1255064286,'2007-07-26',5);
INSERT INTO Member(memberID, fName, lName, address, phoneNumber, dateJoined ,staffID) VALUES (444,'Marcus','Clark','110 Frappe Snowland',1255051912,'2010-07-22',4);
INSERT INTO Member(memberID, fName, lName, address, phoneNumber, dateJoined ,staffID) VALUES (445,'Ellie','Jackson','15 Sherbert Land',1255048575,'2008-04-12',3);
INSERT INTO Member(memberID, fName, lName, address, phoneNumber, dateJoined ,staffID) VALUES (446,'Michael','Butler','76 Adams',1255063738,'1996-03-9',8);
INSERT INTO Member(memberID, fName, lName, address, phoneNumber, dateJoined ,staffID) VALUES (447,'Addison','Nelson','61 Sherbert Land',1255061438,'2012-08-5',6);
INSERT INTO Member(memberID, fName, lName, address, phoneNumber, dateJoined ,staffID) VALUES (448,'Oliver','Scott','117 Warioi Stadium',1255051126,'1995-07-14',5);
INSERT INTO Member(memberID, fName, lName, address, phoneNumber, dateJoined ,staffID) VALUES (449,'Lauren','Hill','140 Luigi Raceway',1255035748,'2013-01-25',8);
INSERT INTO Member(memberID, fName, lName, address, phoneNumber, dateJoined ,staffID) VALUES (450,'Felix','Evans','22 DK Summit',1255064761,'1997-07-11',4);
INSERT INTO Member(memberID, fName, lName, address, phoneNumber, dateJoined ,staffID) VALUES (451,'Brooklyn','Powell','60 DK Jungle',1255055016,'2011-03-10',3);
INSERT INTO Member(memberID, fName, lName, address, phoneNumber, dateJoined ,staffID) VALUES (452,'Caleb','Green','150 Shy Guy Falls',1255058403,'2009-06-25',1);
INSERT INTO Member(memberID, fName, lName, address, phoneNumber, dateJoined ,staffID) VALUES (453,'Isabella','Wright','37 DK Jungle Parkway',1255053818,'1995-03-12',6);
INSERT INTO Member(memberID, fName, lName, address, phoneNumber, dateJoined ,staffID) VALUES (454,'Ayla','Rodriguez','133 Dellfino Square',1255038359,'2004-06-28',3);
INSERT INTO Member(memberID, fName, lName, address, phoneNumber, dateJoined ,staffID) VALUES (455,'Mila','Ortiz','132 Moonview Highway',1255058142,'2012-04-11',2);
INSERT INTO Member(memberID, fName, lName, address, phoneNumber, dateJoined ,staffID) VALUES (456,'Wilm','Nguyen','96 Peach Gardens',1255040051,'2003-05-7',7);
INSERT INTO Member(memberID, fName, lName, address, phoneNumber, dateJoined ,staffID) VALUES (457,'Brooklyn','Garciav','58 Mario Circuit',1255033386,'2002-01-28',7);
INSERT INTO Member(memberID, fName, lName, address, phoneNumber, dateJoined ,staffID) VALUES (458,'Wilm','Ross','145 Peach Gardens',1255050915,'1999-02-27',9);
INSERT INTO Member(memberID, fName, lName, address, phoneNumber, dateJoined ,staffID) VALUES (459,'Clara','Sanchez','40 Waluigi Stadium',1255043419,'2000-02-19',7);
INSERT INTO Member(memberID, fName, lName, address, phoneNumber, dateJoined ,staffID) VALUES (460,'Marcus','Young','117 Stadium',1255033736,'2003-02-13',7);
INSERT INTO Member(memberID, fName, lName, address, phoneNumber, dateJoined ,staffID) VALUES (461,'Owen','Thomas','62 Choco Island',1255059951,'2007-02-7',9);
INSERT INTO Member(memberID, fName, lName, address, phoneNumber, dateJoined ,staffID) VALUES (462,'Hayden','Wilson','83 Choco Mountain',1255047452,'2003-09-11',6);
INSERT INTO Member(memberID, fName, lName, address, phoneNumber, dateJoined ,staffID) VALUES (463,'Caleb','Russell','1 Yoshi Valley',1255054039,'2006-07-5',4);
INSERT INTO Member(memberID, fName, lName, address, phoneNumber, dateJoined ,staffID) VALUES (464,'Zoe','Wood','96 Luigi Mansion',1255051826,'2001-02-3',3);
INSERT INTO Member(memberID, fName, lName, address, phoneNumber, dateJoined ,staffID) VALUES (465,'Madeline','Martinez','135 Mushroom Gorge',1255056256,'2012-04-9',5);
INSERT INTO Member(memberID, fName, lName, address, phoneNumber, dateJoined ,staffID) VALUES (466,'Aurora','Jones','77 Mario Circuit',1255059266,'2006-03-9',10);
INSERT INTO Member(memberID, fName, lName, address, phoneNumber, dateJoined ,staffID) VALUES (467,'Mila','Nelson','88 Kalamari Desert',1255051531,'2012-02-16',6);
INSERT INTO Member(memberID, fName, lName, address, phoneNumber, dateJoined ,staffID) VALUES (468,'Alice','Howard','18 DK Jungle',1255064166,'2007-07-18',4);
INSERT INTO Member(memberID, fName, lName, address, phoneNumber, dateJoined ,staffID) VALUES (469,'Maxwell','Stewart','146 Wario Colesseum',1255047593,'2012-01-20',1);
INSERT INTO Member(memberID, fName, lName, address, phoneNumber, dateJoined ,staffID) VALUES (470,'Arianna','Scott','8 Peach Circuit',1255032748,'2007-02-10',4);
INSERT INTO Member(memberID, fName, lName, address, phoneNumber, dateJoined ,staffID) VALUES (471,'Felix','Nguyen','39 Toad Circuit',1255033653,'1999-05-10',6);
INSERT INTO Member(memberID, fName, lName, address, phoneNumber, dateJoined ,staffID) VALUES (472,'Alexander','Roberts','147 Coconut Mall',1255065393,'2006-07-18',8);
INSERT INTO Member(memberID, fName, lName, address, phoneNumber, dateJoined ,staffID) VALUES (473,'Arya','Sullivan','122 Shy Guy Falls',1255044475,'2000-08-10',8);
INSERT INTO Member(memberID, fName, lName, address, phoneNumber, dateJoined ,staffID) VALUES (474,'Luke','Smith','101 Moonview Highway',1255046363,'2005-09-17',9);
INSERT INTO Member(memberID, fName, lName, address, phoneNumber, dateJoined ,staffID) VALUES (475,'Matthew','Hill','79 Adams',1255054813,'2009-01-13',6);
INSERT INTO Member(memberID, fName, lName, address, phoneNumber, dateJoined ,staffID) VALUES (476,'Nathan','Walker','29 Koopa Troopa Beach',1255051694,'2005-05-6',7);
INSERT INTO Member(memberID, fName, lName, address, phoneNumber, dateJoined ,staffID) VALUES (477,'Brooklyn','Hernandez','81 Yoshi Valley',1255035175,'1995-01-27',10);
INSERT INTO Member(memberID, fName, lName, address, phoneNumber, dateJoined ,staffID) VALUES (478,'Brayden','King','129 Shy Guy Falls',1255060751,'2002-03-19',10);
INSERT INTO Member(memberID, fName, lName, address, phoneNumber, dateJoined ,staffID) VALUES (479,'Grace','Reye','115 Dry Dry Desert',1255059927,'2011-01-24',6);
INSERT INTO Member(memberID, fName, lName, address, phoneNumber, dateJoined ,staffID) VALUES (480,'Aria','Anderson','11 Shy Guy Falls',1255043189,'2009-04-13',5);
INSERT INTO Member(memberID, fName, lName, address, phoneNumber, dateJoined ,staffID) VALUES (481,'Angela','Garciav','24 Peach Gardens',1255040038,'2012-04-17',4);
INSERT INTO Member(memberID, fName, lName, address, phoneNumber, dateJoined ,staffID) VALUES (482,'Sawyer','Nguyen','66 Cheep Cheep Lagoon',1255034456,'1994-02-27',1);
INSERT INTO Member(memberID, fName, lName, address, phoneNumber, dateJoined ,staffID) VALUES (483,'Mackenzie','Davis','21 Shy Guy Falls',1255048843,'2002-07-13',1);
INSERT INTO Member(memberID, fName, lName, address, phoneNumber, dateJoined ,staffID) VALUES (484,'Wyatt','Diaz','130 Toad Circuit',1255042390,'2013-04-27',7);
INSERT INTO Member(memberID, fName, lName, address, phoneNumber, dateJoined ,staffID) VALUES (485,'Carter','Jenkins','37 DK Jungle',1255064732,'1994-05-21',8);
INSERT INTO Member(memberID, fName, lName, address, phoneNumber, dateJoined ,staffID) VALUES (486,'Hudson','Russell','81 DK Summit',1255041774,'2011-06-8',1);
INSERT INTO Member(memberID, fName, lName, address, phoneNumber, dateJoined ,staffID) VALUES (487,'Jason','King','118 Choco Island',1255056243,'2005-02-11',3);
INSERT INTO Member(memberID, fName, lName, address, phoneNumber, dateJoined ,staffID) VALUES (488,'Leah','Powell','16 Koopa Troopa Beach',1255064901,'2010-08-12',8);
INSERT INTO Member(memberID, fName, lName, address, phoneNumber, dateJoined ,staffID) VALUES (489,'Emma','Ortiz','58 Moo Moo Farm',1255035389,'2009-06-4',6);
INSERT INTO Member(memberID, fName, lName, address, phoneNumber, dateJoined ,staffID) VALUES (490,'Brooklyn','Harris','17 Moo Moo Farm',1255045572,'2005-05-8',1);
INSERT INTO Member(memberID, fName, lName, address, phoneNumber, dateJoined ,staffID) VALUES (491,'Emily','Stewart','33 Waluigi Stadium',1255038179,'2012-03-23',8);
INSERT INTO Member(memberID, fName, lName, address, phoneNumber, dateJoined ,staffID) VALUES (492,'Aria','Morgan','39 Yoshi Valley',1255034519,'2005-05-12',1);
INSERT INTO Member(memberID, fName, lName, address, phoneNumber, dateJoined ,staffID) VALUES (493,'Nolan','Young','83 Yoshi Valley',1255044335,'1998-01-14',3);
INSERT INTO Member(memberID, fName, lName, address, phoneNumber, dateJoined ,staffID) VALUES (494,'Isla','Phillips','137 Luigi Mansion',1255042905,'2009-08-23',5);
INSERT INTO Member(memberID, fName, lName, address, phoneNumber, dateJoined ,staffID) VALUES (495,'Ryker','Rogers','138 Moonview Highway',1255034895,'2007-07-10',6);
INSERT INTO Member(memberID, fName, lName, address, phoneNumber, dateJoined ,staffID) VALUES (496,'Marcus','Ortiz','48 Mario Raceway',1255039341,'2008-01-8',10);
INSERT INTO Member(memberID, fName, lName, address, phoneNumber, dateJoined ,staffID) VALUES (497,'Aiden','Hill','95 Mario Circuit',1255039088,'2010-02-1',5);
INSERT INTO Member(memberID, fName, lName, address, phoneNumber, dateJoined ,staffID) VALUES (498,'Eli','Jackson','7 Wario Colesseum',1255039696,'1998-04-20',6);
INSERT INTO Member(memberID, fName, lName, address, phoneNumber, dateJoined ,staffID) VALUES (499,'Ruby','Foster','130 Shy Guy Falls',1255045704,'2002-08-1',8);
INSERT INTO Member(memberID, fName, lName, address, phoneNumber, dateJoined ,staffID) VALUES (500,'Gabriel','Barnes','66 DK Jungle',1255052911,'1999-04-24',7);
INSERT INTO Member(memberID, fName, lName, address, phoneNumber, dateJoined ,staffID) VALUES (501,'Colton','Long','128 Dry Dry Desert',1255036987,'1995-01-9',9);
INSERT INTO Member(memberID, fName, lName, address, phoneNumber, dateJoined ,staffID) VALUES (502,'Ellie','Sanders','125 Dry Dry Desert',1255048001,'2013-05-16',8);
INSERT INTO Member(memberID, fName, lName, address, phoneNumber, dateJoined ,staffID) VALUES (503,'Hazel','Garciav','19 Frappe Snowland',1255051144,'2004-04-12',7);
INSERT INTO Member(memberID, fName, lName, address, phoneNumber, dateJoined ,staffID) VALUES (504,'Madison','Ross','14 Toad Circuit',1255043003,'2008-03-9',10);
INSERT INTO Member(memberID, fName, lName, address, phoneNumber, dateJoined ,staffID) VALUES (505,'Georgia','Kelly','64 Luigi Raceway',1255063655,'2000-07-11',5);
INSERT INTO Member(memberID, fName, lName, address, phoneNumber, dateJoined ,staffID) VALUES (506,'Kayden','Scott','99 Banshee Boardwalk',1255053649,'2002-08-3',7);
INSERT INTO Member(memberID, fName, lName, address, phoneNumber, dateJoined ,staffID) VALUES (507,'Maxwell','Martinez','57 Wario Colesseum',1255044144,'1997-08-24',2);
INSERT INTO Member(memberID, fName, lName, address, phoneNumber, dateJoined ,staffID) VALUES (508,'Brayden','Miller','26 Shy Guy Falls',1255063583,'2013-01-21',6);
INSERT INTO Member(memberID, fName, lName, address, phoneNumber, dateJoined ,staffID) VALUES (509,'Eleanor','Diaz','9 Moonview Highway',1255045711,'2012-03-20',10);
INSERT INTO Member(memberID, fName, lName, address, phoneNumber, dateJoined ,staffID) VALUES (510,'Isaac','Russell','74 Coconut Mall',1255049471,'2009-06-18',10);
INSERT INTO Member(memberID, fName, lName, address, phoneNumber, dateJoined ,staffID) VALUES (511,'Nora','Harris','84 Dellfino Square',1255046671,'2004-09-16',6);
INSERT INTO Member(memberID, fName, lName, address, phoneNumber, dateJoined ,staffID) VALUES (512,'Brayden','King','55 Wario Colesseum',1255040133,'2008-05-17',8);
INSERT INTO Member(memberID, fName, lName, address, phoneNumber, dateJoined ,staffID) VALUES (513,'James','Foster','91 DK Jungle',1255035576,'2012-01-3',7);
INSERT INTO Member(memberID, fName, lName, address, phoneNumber, dateJoined ,staffID) VALUES (514,'Lauren','Jenkins','43 Waluigi Stadium',1255049151,'1998-08-19',5);
INSERT INTO Member(memberID, fName, lName, address, phoneNumber, dateJoined ,staffID) VALUES (515,'Arya','Turner','32 Mushroom Gorge',1255039141,'2001-02-18',4);
INSERT INTO Member(memberID, fName, lName, address, phoneNumber, dateJoined ,staffID) VALUES (516,'Ryker','Hughes','37 Bowser Castle',1255056302,'2007-07-14',7);
INSERT INTO Member(memberID, fName, lName, address, phoneNumber, dateJoined ,staffID) VALUES (517,'Savannah','Phillips','55 Koopa Troopa Beach',1255048495,'2004-04-26',1);
INSERT INTO Member(memberID, fName, lName, address, phoneNumber, dateJoined ,staffID) VALUES (518,'Sebastian','Jones','54 Frappe Snowland',1255045835,'2004-02-6',4);
INSERT INTO Member(memberID, fName, lName, address, phoneNumber, dateJoined ,staffID) VALUES (519,'Emmett','Martinez','63 Choco Island',1255041191,'1996-02-25',3);
INSERT INTO Member(memberID, fName, lName, address, phoneNumber, dateJoined ,staffID) VALUES (520,'Linden','Hernandez','108 Yoshi Valley',1255032865,'2001-06-16',10);
INSERT INTO Member(memberID, fName, lName, address, phoneNumber, dateJoined ,staffID) VALUES (521,'Mason','Thomas','52 Choco Mountain',1255053490,'1998-02-20',9);
INSERT INTO Member(memberID, fName, lName, address, phoneNumber, dateJoined ,staffID) VALUES (522,'Hayden','Sullivan','35 Shy Guy Falls',1255059896,'2006-04-22',7);
INSERT INTO Member(memberID, fName, lName, address, phoneNumber, dateJoined ,staffID) VALUES (523,'Rowan','Long','27 Choco Island',1255041732,'1998-04-6',5);
INSERT INTO Member(memberID, fName, lName, address, phoneNumber, dateJoined ,staffID) VALUES (524,'Hunter','Morris','52 DK Jungle Parkway',1255032933,'2005-01-14',1);
INSERT INTO Member(memberID, fName, lName, address, phoneNumber, dateJoined ,staffID) VALUES (525,'Penelope','Taylor','60 Stadium',1255053713,'2005-06-26',10);
INSERT INTO Member(memberID, fName, lName, address, phoneNumber, dateJoined ,staffID) VALUES (526,'Violet','Lee','141 Cheep Cheep Lagoon',1255043398,'2007-08-27',6);
INSERT INTO Member(memberID, fName, lName, address, phoneNumber, dateJoined ,staffID) VALUES (527,'Harper','Flores','72 Luigi Mansion',1255049640,'2011-08-24',8);
INSERT INTO Member(memberID, fName, lName, address, phoneNumber, dateJoined ,staffID) VALUES (528,'Andrew','Young','20 Luigi Raceway',1255051628,'2005-03-2',3);
INSERT INTO Member(memberID, fName, lName, address, phoneNumber, dateJoined ,staffID) VALUES (529,'Brody','Smith','61 Yoshi Falls',1255044246,'2002-09-16',10);
INSERT INTO Member(memberID, fName, lName, address, phoneNumber, dateJoined ,staffID) VALUES (530,'Hunter','Baker','86 Moonview Highway',1255047803,'2008-03-9',7);
INSERT INTO Member(memberID, fName, lName, address, phoneNumber, dateJoined ,staffID) VALUES (531,'Everl','Phillips','44 Shy Guy Falls',1255061312,'2000-04-28',6);
INSERT INTO Member(memberID, fName, lName, address, phoneNumber, dateJoined ,staffID) VALUES (532,'Alexis','Harris','53 Sherbert Land',1255065425,'1998-03-27',4);
INSERT INTO Member(memberID, fName, lName, address, phoneNumber, dateJoined ,staffID) VALUES (533,'Adam','Bell','84 Peach Circuit',1255044962,'2013-08-27',4);
INSERT INTO Member(memberID, fName, lName, address, phoneNumber, dateJoined ,staffID) VALUES (534,'Violet','Hughes','102 Koopa Troopa Beach',1255062001,'1999-03-16',6);
INSERT INTO Member(memberID, fName, lName, address, phoneNumber, dateJoined ,staffID) VALUES (535,'Harper','Bailey','54 Moonview Highway',1255052607,'2002-01-4',10);
INSERT INTO Member(memberID, fName, lName, address, phoneNumber, dateJoined ,staffID) VALUES (536,'Leah','Reed','21 Adams',1255051332,'2010-02-24',7);
INSERT INTO Member(memberID, fName, lName, address, phoneNumber, dateJoined ,staffID) VALUES (537,'Mila','Myers','142 Choco Mountain',1255062040,'2002-03-25',5);
INSERT INTO Member(memberID, fName, lName, address, phoneNumber, dateJoined ,staffID) VALUES (538,'Jackson','Cox','121 Luigi Raceway',1255058285,'1995-01-1',3);
INSERT INTO Member(memberID, fName, lName, address, phoneNumber, dateJoined ,staffID) VALUES (539,'Connor','Baker','142 Cheep Cheep Lagoon',1255053536,'2007-01-22',4);
INSERT INTO Member(memberID, fName, lName, address, phoneNumber, dateJoined ,staffID) VALUES (540,'Emmett','Baker','22 Coconut Mall',1255062980,'1997-04-20',9);
INSERT INTO Member(memberID, fName, lName, address, phoneNumber, dateJoined ,staffID) VALUES (541,'James','Edwards','8 Choco Mountain',1255044670,'1996-07-22',1);
INSERT INTO Member(memberID, fName, lName, address, phoneNumber, dateJoined ,staffID) VALUES (542,'Lily','Foster','77 Mushroom Gorge',1255046579,'2001-05-22',5);
INSERT INTO Member(memberID, fName, lName, address, phoneNumber, dateJoined ,staffID) VALUES (543,'Maxwell','Diaz','132 DK Jungle Parkway',1255052780,'2013-06-25',1);
INSERT INTO Member(memberID, fName, lName, address, phoneNumber, dateJoined ,staffID) VALUES (544,'Ava','Baker','149 Mushroom Gorge',1255041038,'1997-08-2',7);
INSERT INTO Member(memberID, fName, lName, address, phoneNumber, dateJoined ,staffID) VALUES (545,'Matthew','Wilson','119 Peach Gardens',1255050978,'2009-06-1',4);
INSERT INTO Member(memberID, fName, lName, address, phoneNumber, dateJoined ,staffID) VALUES (546,'Amelia','Fisher','86 Shy Guy Falls',1255051928,'2012-07-2',8);
INSERT INTO Member(memberID, fName, lName, address, phoneNumber, dateJoined ,staffID) VALUES (547,'Elena','Powell','138 Choco Island',1255052541,'1996-07-28',5);
INSERT INTO Member(memberID, fName, lName, address, phoneNumber, dateJoined ,staffID) VALUES (548,'Henry','Moore','33 Wario Colesseum',1255034836,'2012-04-8',7);
INSERT INTO Member(memberID, fName, lName, address, phoneNumber, dateJoined ,staffID) VALUES (549,'Liam','Martin','144 DK Jungle Parkway',1255034363,'2004-02-6',2);
INSERT INTO Member(memberID, fName, lName, address, phoneNumber, dateJoined ,staffID) VALUES (550,'Declan','King','69 Choco Mountain',1255044951,'2005-05-3',9);
INSERT INTO Member(memberID, fName, lName, address, phoneNumber, dateJoined ,staffID) VALUES (551,'Nora','Gonzalez','66 Peach Circuit',1255053571,'1995-02-6',6);
INSERT INTO Member(memberID, fName, lName, address, phoneNumber, dateJoined ,staffID) VALUES (552,'Linden','Wood','109 DK Jungle Parkway',1255053872,'1999-06-18',7);
INSERT INTO Member(memberID, fName, lName, address, phoneNumber, dateJoined ,staffID) VALUES (553,'Parker','Martinez','97 DK Jungle',1255054098,'2003-03-10',10);
INSERT INTO Member(memberID, fName, lName, address, phoneNumber, dateJoined ,staffID) VALUES (554,'Harper','Ross','77 Bowser Castle',1255035175,'2004-08-19',6);
INSERT INTO Member(memberID, fName, lName, address, phoneNumber, dateJoined ,staffID) VALUES (555,'David','Perez','125 Stadium',1255061510,'2002-03-21',3);
INSERT INTO Member(memberID, fName, lName, address, phoneNumber, dateJoined ,staffID) VALUES (556,'James','Garciav','119 Mario Circuit',1255062234,'2012-01-13',9);
INSERT INTO Member(memberID, fName, lName, address, phoneNumber, dateJoined ,staffID) VALUES (557,'Emma','Williams','90 Mario Raceway',1255059231,'2001-03-17',10);
INSERT INTO Member(memberID, fName, lName, address, phoneNumber, dateJoined ,staffID) VALUES (558,'Gabriel','Ross','83 Bowser Castle',1255062027,'2011-04-24',8);
INSERT INTO Member(memberID, fName, lName, address, phoneNumber, dateJoined ,staffID) VALUES (559,'Theodore','Allen','37 DK Jungle',1255058219,'2006-02-1',1);
INSERT INTO Member(memberID, fName, lName, address, phoneNumber, dateJoined ,staffID) VALUES (560,'Alexander','Robinson','130 DK Summit',1255055512,'2012-07-20',6);
INSERT INTO Member(memberID, fName, lName, address, phoneNumber, dateJoined ,staffID) VALUES (561,'Sebastian','Long','24 Yoshi Falls',1255049655,'2007-05-26',8);
INSERT INTO Member(memberID, fName, lName, address, phoneNumber, dateJoined ,staffID) VALUES (562,'Samuel','Watson','114 Shy Guy Falls',1255064043,'2008-03-7',9);
INSERT INTO Member(memberID, fName, lName, address, phoneNumber, dateJoined ,staffID) VALUES (563,'Samantha','Allen','136 Shy Guy Falls',1255062011,'2001-09-27',2);
INSERT INTO Member(memberID, fName, lName, address, phoneNumber, dateJoined ,staffID) VALUES (564,'Lucas','Diaz','83 Luigi Raceway',1255045108,'1995-01-17',9);
INSERT INTO Member(memberID, fName, lName, address, phoneNumber, dateJoined ,staffID) VALUES (565,'Logan','Russell','139 Yoshi Valley',1255058278,'2009-07-12',10);
INSERT INTO Member(memberID, fName, lName, address, phoneNumber, dateJoined ,staffID) VALUES (566,'Brody','Smith','113 Koopa Troopa Beach',1255049187,'2013-08-15',6);
INSERT INTO Member(memberID, fName, lName, address, phoneNumber, dateJoined ,staffID) VALUES (567,'Naomi','Perez','21 Frappe Snowland',1255056610,'2008-04-7',4);
INSERT INTO Member(memberID, fName, lName, address, phoneNumber, dateJoined ,staffID) VALUES (568,'Emmett','Wright','75 Luigi Raceway',1255053363,'2007-06-5',10);
INSERT INTO Member(memberID, fName, lName, address, phoneNumber, dateJoined ,staffID) VALUES (569,'Ryker','Long','60 Sherbert Land',1255037272,'2000-03-20',2);
INSERT INTO Member(memberID, fName, lName, address, phoneNumber, dateJoined ,staffID) VALUES (570,'Carson','Rogers','24 DK Jungle',1255055321,'1995-01-11',5);
INSERT INTO Member(memberID, fName, lName, address, phoneNumber, dateJoined ,staffID) VALUES (571,'Piper','James','45 Yoshi Valley',1255043829,'2003-07-23',2);
INSERT INTO Member(memberID, fName, lName, address, phoneNumber, dateJoined ,staffID) VALUES (572,'Mason','Rogers','107 Wario Colesseum',1255042692,'1994-09-16',4);
INSERT INTO Member(memberID, fName, lName, address, phoneNumber, dateJoined ,staffID) VALUES (573,'Thomas','Rogers','93 Moo Moo Farm',1255042621,'2009-05-3',8);
INSERT INTO Member(memberID, fName, lName, address, phoneNumber, dateJoined ,staffID) VALUES (574,'Aurora','Gonzalez','17 Koopa Troopa Beach',1255061587,'1994-09-22',5);
INSERT INTO Member(memberID, fName, lName, address, phoneNumber, dateJoined ,staffID) VALUES (575,'Sarah','Moore','57 Dellfino Square',1255065335,'2008-08-5',2);
INSERT INTO Member(memberID, fName, lName, address, phoneNumber, dateJoined ,staffID) VALUES (576,'Oliver','Collins','29 Mario Raceway',1255046007,'2011-01-13',4);
INSERT INTO Member(memberID, fName, lName, address, phoneNumber, dateJoined ,staffID) VALUES (577,'Jonathan','Robinson','77 Mushroom Gorge',1255046253,'2012-01-1',1);
INSERT INTO Member(memberID, fName, lName, address, phoneNumber, dateJoined ,staffID) VALUES (578,'Alexander','Flores','4 Banshee Boardwalk',1255060617,'2000-08-21',5);
INSERT INTO Member(memberID, fName, lName, address, phoneNumber, dateJoined ,staffID) VALUES (579,'Samantha','Phillips','97 Choco Island',1255055260,'2002-02-11',5);
INSERT INTO Member(memberID, fName, lName, address, phoneNumber, dateJoined ,staffID) VALUES (580,'Audrey','Torres','82 Yoshi Valley',1255061167,'2007-05-12',10);
INSERT INTO Member(memberID, fName, lName, address, phoneNumber, dateJoined ,staffID) VALUES (581,'Kaitlyn','Sanders','121 Luigi Mansion',1255064905,'2006-06-26',6);
INSERT INTO Member(memberID, fName, lName, address, phoneNumber, dateJoined ,staffID) VALUES (582,'Zoey','Rivera','117 Coconut Mall',1255059129,'1996-05-6',1);
INSERT INTO Member(memberID, fName, lName, address, phoneNumber, dateJoined ,staffID) VALUES (583,'Gabriel','Ramirez','122 Sherbert Land',1255057167,'2011-04-13',5);
INSERT INTO Member(memberID, fName, lName, address, phoneNumber, dateJoined ,staffID) VALUES (584,'Brielle','Morris','113 Koopa Troopa Beach',1255042266,'2005-04-20',10);
INSERT INTO Member(memberID, fName, lName, address, phoneNumber, dateJoined ,staffID) VALUES (585,'Dylan','Williams','141 Peach Circuit',1255033315,'2012-03-16',3);
INSERT INTO Member(memberID, fName, lName, address, phoneNumber, dateJoined ,staffID) VALUES (586,'Joseph','Russell','100 Choco Mountain',1255052985,'1994-03-11',8);
INSERT INTO Member(memberID, fName, lName, address, phoneNumber, dateJoined ,staffID) VALUES (587,'Connor','Miller','43 Kalamari Desert',1255044528,'1999-09-26',6);
INSERT INTO Member(memberID, fName, lName, address, phoneNumber, dateJoined ,staffID) VALUES (588,'Kai','Anderson','22 Dellfino Square',1255042015,'2005-08-7',5);
INSERT INTO Member(memberID, fName, lName, address, phoneNumber, dateJoined ,staffID) VALUES (589,'Grace','Hall','143 Yoshi Falls',1255045345,'2005-02-13',7);
INSERT INTO Member(memberID, fName, lName, address, phoneNumber, dateJoined ,staffID) VALUES (590,'Carter','Sullivan','61 Mario Raceway',1255039185,'2008-08-25',1);
INSERT INTO Member(memberID, fName, lName, address, phoneNumber, dateJoined ,staffID) VALUES (591,'Anna','Young','93 Peach Circuit',1255042080,'2003-04-3',5);
INSERT INTO Member(memberID, fName, lName, address, phoneNumber, dateJoined ,staffID) VALUES (592,'Elias','Taylor','32 Stadium',1255051608,'2008-02-4',6);
INSERT INTO Member(memberID, fName, lName, address, phoneNumber, dateJoined ,staffID) VALUES (593,'Gavin','Butler','15 Bowser Castle',1255062941,'2006-09-19',6);
INSERT INTO Member(memberID, fName, lName, address, phoneNumber, dateJoined ,staffID) VALUES (594,'Layla','Sullivan','145 Mario Raceway',1255045320,'2006-05-15',10);
INSERT INTO Member(memberID, fName, lName, address, phoneNumber, dateJoined ,staffID) VALUES (595,'Blake','Ross','38 Yoshi Falls',1255049345,'1999-03-8',5);
INSERT INTO Member(memberID, fName, lName, address, phoneNumber, dateJoined ,staffID) VALUES (596,'Violet','Rivera','48 Frappe Snowland',1255051073,'2006-01-21',8);
INSERT INTO Member(memberID, fName, lName, address, phoneNumber, dateJoined ,staffID) VALUES (597,'Levi','Adams','128 Dry Dry Desert',1255044239,'1995-02-21',5);
INSERT INTO Member(memberID, fName, lName, address, phoneNumber, dateJoined ,staffID) VALUES (598,'Piper','Wright','35 Dry Dry Desert',1255042366,'2001-06-13',10);
INSERT INTO Member(memberID, fName, lName, address, phoneNumber, dateJoined ,staffID) VALUES (599,'Linden','Fisher','101 Cheep Cheep Lagoon',1255037689,'2008-07-28',2);
INSERT INTO Member(memberID, fName, lName, address, phoneNumber, dateJoined ,staffID) VALUES (600,'Daniel','Lewis','85 Bowser Castle',1255045873,'1996-05-5',9);
INSERT INTO Member(memberID, fName, lName, address, phoneNumber, dateJoined ,staffID) VALUES (601,'Brody','Myers','91 Shy Guy Falls',1255049454,'2001-03-15',5);
INSERT INTO Member(memberID, fName, lName, address, phoneNumber, dateJoined ,staffID) VALUES (602,'Carson','Butler','13 Adams',1255049020,'2000-09-9',3);
INSERT INTO Member(memberID, fName, lName, address, phoneNumber, dateJoined ,staffID) VALUES (603,'jamin','Cruz','10 Dellfino Square',1255046519,'2004-09-16',6);
INSERT INTO Member(memberID, fName, lName, address, phoneNumber, dateJoined ,staffID) VALUES (604,'Madison','Stewart','23 Yoshi Falls',1255045704,'2000-04-8',3);
INSERT INTO Member(memberID, fName, lName, address, phoneNumber, dateJoined ,staffID) VALUES (605,'Andrew','Stewart','39 Stadium',1255063443,'2010-09-13',8);
INSERT INTO Member(memberID, fName, lName, address, phoneNumber, dateJoined ,staffID) VALUES (606,'Sarah','Carter','64 Bowser Castle',1255064072,'2004-05-14',6);
INSERT INTO Member(memberID, fName, lName, address, phoneNumber, dateJoined ,staffID) VALUES (607,'Savannah','Parker','142 Luigi Mansion',1255060152,'1998-06-18',10);
INSERT INTO Member(memberID, fName, lName, address, phoneNumber, dateJoined ,staffID) VALUES (608,'Harrison','Hill','16 Kalamari Desert',1255056168,'2011-09-4',6);
INSERT INTO Member(memberID, fName, lName, address, phoneNumber, dateJoined ,staffID) VALUES (609,'Kaitlyn','Wright','59 DK Jungle',1255043872,'1996-02-12',3);
INSERT INTO Member(memberID, fName, lName, address, phoneNumber, dateJoined ,staffID) VALUES (610,'Evelyn','Stewart','139 Luigi Mansion',1255036732,'2003-07-19',8);
INSERT INTO Member(memberID, fName, lName, address, phoneNumber, dateJoined ,staffID) VALUES (611,'Aiden','Young','101 Mario Circuit',1255051403,'2008-02-28',3);
INSERT INTO Member(memberID, fName, lName, address, phoneNumber, dateJoined ,staffID) VALUES (612,'Lincoln','Russell','17 Sherbert Land',1255039272,'2013-05-6',3);
INSERT INTO Member(memberID, fName, lName, address, phoneNumber, dateJoined ,staffID) VALUES (613,'Autumn','Johnson','55 Banshee Boardwalk',1255064928,'2002-04-10',7);
INSERT INTO Member(memberID, fName, lName, address, phoneNumber, dateJoined ,staffID) VALUES (614,'Sarah','White','2 Choco Island',1255035672,'1995-09-20',1);
INSERT INTO Member(memberID, fName, lName, address, phoneNumber, dateJoined ,staffID) VALUES (615,'Lucas','Sanders','37 Banshee Boardwalk',1255037266,'2000-08-2',7);
INSERT INTO Member(memberID, fName, lName, address, phoneNumber, dateJoined ,staffID) VALUES (616,'Connor','Robinson','128 Kalamari Desert',1255044486,'2007-05-21',8);
INSERT INTO Member(memberID, fName, lName, address, phoneNumber, dateJoined ,staffID) VALUES (617,'Scarlett','Ross','37 Stadium',1255049712,'2008-06-3',3);
INSERT INTO Member(memberID, fName, lName, address, phoneNumber, dateJoined ,staffID) VALUES (618,'Quinn','Lee','1 Wario Colesseum',1255040278,'2000-01-15',3);
INSERT INTO Member(memberID, fName, lName, address, phoneNumber, dateJoined ,staffID) VALUES (619,'Hazel','Fisher','17 Kalamari Desert',1255041227,'2011-03-24',9);
INSERT INTO Member(memberID, fName, lName, address, phoneNumber, dateJoined ,staffID) VALUES (620,'Nathan','Phillips','63 Choco Mountain',1255040348,'1997-09-18',1);
INSERT INTO Member(memberID, fName, lName, address, phoneNumber, dateJoined ,staffID) VALUES (621,'Olivia','Smith','63 Waluigi Stadium',1255042589,'2001-03-15',6);
INSERT INTO Member(memberID, fName, lName, address, phoneNumber, dateJoined ,staffID) VALUES (622,'Kai','Foster','71 DK Summit',1255039166,'2009-09-27',7);
INSERT INTO Member(memberID, fName, lName, address, phoneNumber, dateJoined ,staffID) VALUES (623,'Aaron','Walker','89 Toad Circuit',1255036943,'1996-09-13',7);
INSERT INTO Member(memberID, fName, lName, address, phoneNumber, dateJoined ,staffID) VALUES (624,'Aaron','Myers','101 DK Jungle',1255041557,'2009-09-9',6);
INSERT INTO Member(memberID, fName, lName, address, phoneNumber, dateJoined ,staffID) VALUES (625,'Henry','Wright','109 Warioi Stadium',1255055887,'1994-05-22',10);
INSERT INTO Member(memberID, fName, lName, address, phoneNumber, dateJoined ,staffID) VALUES (626,'Elijah','Russell','69 DK Jungle Parkway',1255056058,'2006-03-16',10);
INSERT INTO Member(memberID, fName, lName, address, phoneNumber, dateJoined ,staffID) VALUES (627,'Connor','Reed','134 Mushroom Gorge',1255062746,'2000-04-3',6);
INSERT INTO Member(memberID, fName, lName, address, phoneNumber, dateJoined ,staffID) VALUES (628,'Wilm','Evans','92 Peach Circuit',1255061536,'1996-01-23',8);
INSERT INTO Member(memberID, fName, lName, address, phoneNumber, dateJoined ,staffID) VALUES (629,'Paisley','Garciav','42 Choco Island',1255048998,'2012-08-18',7);
INSERT INTO Member(memberID, fName, lName, address, phoneNumber, dateJoined ,staffID) VALUES (630,'Connor','Gomez','48 Bowser Castle',1255034412,'2000-04-25',5);
INSERT INTO Member(memberID, fName, lName, address, phoneNumber, dateJoined ,staffID) VALUES (631,'Hazel','Jones','82 Stadium',1255057419,'2008-09-20',3);
INSERT INTO Member(memberID, fName, lName, address, phoneNumber, dateJoined ,staffID) VALUES (632,'Mya','Green','82 Peach Gardens',1255059429,'2000-08-5',5);
INSERT INTO Member(memberID, fName, lName, address, phoneNumber, dateJoined ,staffID) VALUES (633,'Lucas','Kelly','120 DK Summit',1255057314,'2001-06-12',8);
INSERT INTO Member(memberID, fName, lName, address, phoneNumber, dateJoined ,staffID) VALUES (634,'Lincoln','Miller','18 Dry Dry Desert',1255052861,'1997-05-9',9);
INSERT INTO Member(memberID, fName, lName, address, phoneNumber, dateJoined ,staffID) VALUES (635,'Ayla','Bell','44 Dellfino Square',1255065453,'2004-01-11',2);
INSERT INTO Member(memberID, fName, lName, address, phoneNumber, dateJoined ,staffID) VALUES (636,'Sophia','Stewart','64 Frappe Snowland',1255034103,'2002-01-3',5);
INSERT INTO Member(memberID, fName, lName, address, phoneNumber, dateJoined ,staffID) VALUES (637,'Mila','Murphy','41 Mario Raceway',1255046024,'2003-05-21',3);
INSERT INTO Member(memberID, fName, lName, address, phoneNumber, dateJoined ,staffID) VALUES (638,'Levi','Jones','105 Wario Colesseum',1255049208,'2007-03-7',5);
INSERT INTO Member(memberID, fName, lName, address, phoneNumber, dateJoined ,staffID) VALUES (639,'Quinn','Murphy','47 Adams',1255034551,'2010-09-8',8);
INSERT INTO Member(memberID, fName, lName, address, phoneNumber, dateJoined ,staffID) VALUES (640,'Mila','Watson','37 Peach Circuit',1255040906,'2012-09-21',8);
INSERT INTO Member(memberID, fName, lName, address, phoneNumber, dateJoined ,staffID) VALUES (641,'Riley','Brooks','53 Wario Colesseum',1255063235,'2006-01-10',6);
INSERT INTO Member(memberID, fName, lName, address, phoneNumber, dateJoined ,staffID) VALUES (642,'Elijah','Gutierrez','8 DK Jungle Parkway',1255049304,'2011-06-22',3);
INSERT INTO Member(memberID, fName, lName, address, phoneNumber, dateJoined ,staffID) VALUES (643,'Hunter','Reye','94 Dry Dry Desert',1255050192,'1999-04-14',7);
INSERT INTO Member(memberID, fName, lName, address, phoneNumber, dateJoined ,staffID) VALUES (644,'Lucas','Brooks','129 Peach Gardens',1255054375,'2006-05-14',4);
INSERT INTO Member(memberID, fName, lName, address, phoneNumber, dateJoined ,staffID) VALUES (645,'Tyler','Perez','26 Peach Gardens',1255038088,'1997-08-6',1);
INSERT INTO Member(memberID, fName, lName, address, phoneNumber, dateJoined ,staffID) VALUES (646,'Jackson','Robinson','23 Koopa Troopa Beach',1255045790,'2001-08-17',2);
INSERT INTO Member(memberID, fName, lName, address, phoneNumber, dateJoined ,staffID) VALUES (647,'Georgia','Lee','89 Waluigi Stadium',1255033429,'2013-08-14',1);
INSERT INTO Member(memberID, fName, lName, address, phoneNumber, dateJoined ,staffID) VALUES (648,'Leah','Morales','69 Luigi Raceway',1255042460,'1996-01-13',7);
INSERT INTO Member(memberID, fName, lName, address, phoneNumber, dateJoined ,staffID) VALUES (649,'Wilm','Scott','63 Warioi Stadium',1255060478,'2003-07-3',6);
INSERT INTO Member(memberID, fName, lName, address, phoneNumber, dateJoined ,staffID) VALUES (650,'Nicholas','Gomez','97 Bowser Castle',1255064294,'2002-08-27',1);
INSERT INTO Member(memberID, fName, lName, address, phoneNumber, dateJoined ,staffID) VALUES (651,'Carter','Flores','45 Yoshi Falls',1255041631,'2000-09-24',2);
INSERT INTO Member(memberID, fName, lName, address, phoneNumber, dateJoined ,staffID) VALUES (652,'Naomi','Morris','131 DK Summit',1255044408,'1995-03-17',7);
INSERT INTO Member(memberID, fName, lName, address, phoneNumber, dateJoined ,staffID) VALUES (653,'Sophia','Edwards','65 Wario Colesseum',1255062045,'1998-02-27',7);
INSERT INTO Member(memberID, fName, lName, address, phoneNumber, dateJoined ,staffID) VALUES (654,'Alice','Young','137 Mario Circuit',1255053564,'2008-03-5',3);
INSERT INTO Member(memberID, fName, lName, address, phoneNumber, dateJoined ,staffID) VALUES (655,'Taylor','Fisher','55 Peach Circuit',1255034496,'1995-04-11',8);
INSERT INTO Member(memberID, fName, lName, address, phoneNumber, dateJoined ,staffID) VALUES (656,'Annabelle','Mitchell','46 Peach Circuit',1255060790,'2005-09-11',4);
INSERT INTO Member(memberID, fName, lName, address, phoneNumber, dateJoined ,staffID) VALUES (657,'Marcus','Ramirez','67 Stadium',1255062741,'1999-09-24',1);
INSERT INTO Member(memberID, fName, lName, address, phoneNumber, dateJoined ,staffID) VALUES (658,'Hailey','Baker','84 Kalamari Desert',1255038826,'2001-09-15',9);
INSERT INTO Member(memberID, fName, lName, address, phoneNumber, dateJoined ,staffID) VALUES (659,'Jaxon','Lopez','38 Banshee Boardwalk',1255048461,'2005-08-14',10);
INSERT INTO Member(memberID, fName, lName, address, phoneNumber, dateJoined ,staffID) VALUES (660,'Mason','Jones','79 Banshee Boardwalk',1255039353,'2009-02-11',2);
INSERT INTO Member(memberID, fName, lName, address, phoneNumber, dateJoined ,staffID) VALUES (661,'Kenzie','Harris','46 Choco Mountain',1255033714,'1999-08-22',4);
INSERT INTO Member(memberID, fName, lName, address, phoneNumber, dateJoined ,staffID) VALUES (662,'Ryker','Wood','104 Yoshi Falls',1255043796,'1994-01-4',6);
INSERT INTO Member(memberID, fName, lName, address, phoneNumber, dateJoined ,staffID) VALUES (663,'Blake','Nguyen','142 Luigi Raceway',1255035042,'2009-03-6',3);
INSERT INTO Member(memberID, fName, lName, address, phoneNumber, dateJoined ,staffID) VALUES (664,'Alexis','Wright','79 Adams',1255060088,'2000-06-19',9);
INSERT INTO Member(memberID, fName, lName, address, phoneNumber, dateJoined ,staffID) VALUES (665,'Ivy','Foster','69 Peach Circuit',1255049277,'1997-03-5',6);
INSERT INTO Member(memberID, fName, lName, address, phoneNumber, dateJoined ,staffID) VALUES (666,'Abigail','Nguyen','47 DK Jungle Parkway',1255056774,'2002-01-2',3);
INSERT INTO Member(memberID, fName, lName, address, phoneNumber, dateJoined ,staffID) VALUES (667,'Paisley','Evans','72 Waluigi Stadium',1255044065,'2009-09-15',7);
INSERT INTO Member(memberID, fName, lName, address, phoneNumber, dateJoined ,staffID) VALUES (668,'Nathan','Moore','12 Warioi Stadium',1255052922,'2009-05-23',7);
INSERT INTO Member(memberID, fName, lName, address, phoneNumber, dateJoined ,staffID) VALUES (669,'Caleb','Green','40 Dellfino Square',1255040869,'2005-04-7',4);
INSERT INTO Member(memberID, fName, lName, address, phoneNumber, dateJoined ,staffID) VALUES (670,'Georgia','Torres','15 Toad Circuit',1255037773,'2008-02-13',2);
INSERT INTO Member(memberID, fName, lName, address, phoneNumber, dateJoined ,staffID) VALUES (671,'Oliver','White','104 Toad Circuit',1255040123,'2002-09-9',3);
INSERT INTO Member(memberID, fName, lName, address, phoneNumber, dateJoined ,staffID) VALUES (672,'Brayden','Martin','5 Cheep Cheep Lagoon',1255036165,'1995-06-26',6);
INSERT INTO Member(memberID, fName, lName, address, phoneNumber, dateJoined ,staffID) VALUES (673,'Matthew','Scott','98 Banshee Boardwalk',1255055134,'2009-09-2',6);
INSERT INTO Member(memberID, fName, lName, address, phoneNumber, dateJoined ,staffID) VALUES (674,'Wilm','Diaz','39 Moonview Highway',1255045509,'2013-01-19',1);
INSERT INTO Member(memberID, fName, lName, address, phoneNumber, dateJoined ,staffID) VALUES (675,'Arianna','Martin','46 Stadium',1255033203,'2004-04-25',8);
INSERT INTO Member(memberID, fName, lName, address, phoneNumber, dateJoined ,staffID) VALUES (676,'Jasper','Rogers','6 Luigi Mansion',1255045267,'2013-07-24',10);
INSERT INTO Member(memberID, fName, lName, address, phoneNumber, dateJoined ,staffID) VALUES (677,'Hazel','Gray','117 Kalamari Desert',1255034122,'2006-03-25',1);
INSERT INTO Member(memberID, fName, lName, address, phoneNumber, dateJoined ,staffID) VALUES (678,'Angela','Gomez','125 DK Summit',1255055218,'1997-01-4',9);
INSERT INTO Member(memberID, fName, lName, address, phoneNumber, dateJoined ,staffID) VALUES (679,'Maya','Flores','52 Wario Colesseum',1255041185,'2000-03-20',2);
INSERT INTO Member(memberID, fName, lName, address, phoneNumber, dateJoined ,staffID) VALUES (680,'Carson','Murphy','54 Peach Gardens',1255051909,'1997-06-12',2);
INSERT INTO Member(memberID, fName, lName, address, phoneNumber, dateJoined ,staffID) VALUES (681,'Kai','Ramirez','22 DK Jungle',1255052503,'2001-06-27',2);
INSERT INTO Member(memberID, fName, lName, address, phoneNumber, dateJoined ,staffID) VALUES (682,'Brielle','Green','141 Yoshi Valley',1255037650,'1996-03-18',3);
INSERT INTO Member(memberID, fName, lName, address, phoneNumber, dateJoined ,staffID) VALUES (683,'Sofia','Edwards','141 DK Jungle',1255040884,'2007-04-8',6);
INSERT INTO Member(memberID, fName, lName, address, phoneNumber, dateJoined ,staffID) VALUES (684,'James','Taylor','66 Choco Island',1255058780,'2013-01-3',10);
INSERT INTO Member(memberID, fName, lName, address, phoneNumber, dateJoined ,staffID) VALUES (685,'Jayden','Brown','10 Shy Guy Falls',1255062568,'1994-07-13',4);
INSERT INTO Member(memberID, fName, lName, address, phoneNumber, dateJoined ,staffID) VALUES (686,'Austin','Scott','25 Choco Island',1255034033,'2008-01-20',3);
INSERT INTO Member(memberID, fName, lName, address, phoneNumber, dateJoined ,staffID) VALUES (687,'Thomas','Torres','54 Mushroom Gorge',1255047930,'2013-01-26',9);
INSERT INTO Member(memberID, fName, lName, address, phoneNumber, dateJoined ,staffID) VALUES (688,'Grace','Gray','133 Frappe Snowland',1255047460,'2010-03-2',6);
INSERT INTO Member(memberID, fName, lName, address, phoneNumber, dateJoined ,staffID) VALUES (689,'Hailey','Mitchell','130 Warioi Stadium',1255049144,'2009-09-17',10);
INSERT INTO Member(memberID, fName, lName, address, phoneNumber, dateJoined ,staffID) VALUES (690,'Brielle','James','14 Banshee Boardwalk',1255043710,'2009-06-7',2);
INSERT INTO Member(memberID, fName, lName, address, phoneNumber, dateJoined ,staffID) VALUES (691,'Lucy','King','34 Sherbert Land',1255056163,'1994-01-7',6);
INSERT INTO Member(memberID, fName, lName, address, phoneNumber, dateJoined ,staffID) VALUES (692,'Eric','Murphy','110 Bowser Castle',1255063090,'2001-01-1',1);
INSERT INTO Member(memberID, fName, lName, address, phoneNumber, dateJoined ,staffID) VALUES (693,'Samuel','Martin','147 Moonview Highway',1255038395,'2008-05-7',8);
INSERT INTO Member(memberID, fName, lName, address, phoneNumber, dateJoined ,staffID) VALUES (694,'Aiden','Jackson','22 Koopa Troopa Beach',1255049053,'2003-03-13',1);
INSERT INTO Member(memberID, fName, lName, address, phoneNumber, dateJoined ,staffID) VALUES (695,'Ella','White','37 Moonview Highway',1255042372,'1995-08-10',1);
INSERT INTO Member(memberID, fName, lName, address, phoneNumber, dateJoined ,staffID) VALUES (696,'Arianna','White','13 Peach Circuit',1255047697,'2003-05-17',9);
INSERT INTO Member(memberID, fName, lName, address, phoneNumber, dateJoined ,staffID) VALUES (697,'Jaxon','Phillips','68 Sherbert Land',1255043462,'2008-02-3',10);
INSERT INTO Member(memberID, fName, lName, address, phoneNumber, dateJoined ,staffID) VALUES (698,'Luca','Myers','91 Wario Colesseum',1255059902,'1995-08-6',2);
INSERT INTO Member(memberID, fName, lName, address, phoneNumber, dateJoined ,staffID) VALUES (699,'Summer','Cruz','14 Coconut Mall',1255061977,'2008-01-17',7);
INSERT INTO Member(memberID, fName, lName, address, phoneNumber, dateJoined ,staffID) VALUES (700,'Clara','Long','36 Choco Mountain',1255033529,'2008-08-11',8);
INSERT INTO Member(memberID, fName, lName, address, phoneNumber, dateJoined ,staffID) VALUES (701,'Lucy','Murphy','112 Choco Island',1255046257,'2003-02-7',3);
INSERT INTO Member(memberID, fName, lName, address, phoneNumber, dateJoined ,staffID) VALUES (702,'Evan','Gutierrez','68 Frappe Snowland',1255043373,'2001-06-3',3);
INSERT INTO Member(memberID, fName, lName, address, phoneNumber, dateJoined ,staffID) VALUES (703,'Joshua','Howard','106 Shy Guy Falls',1255051662,'2000-06-23',7);
INSERT INTO Member(memberID, fName, lName, address, phoneNumber, dateJoined ,staffID) VALUES (704,'Sofia','Wilson','34 DK Summit',1255046145,'2012-03-9',3);
INSERT INTO Member(memberID, fName, lName, address, phoneNumber, dateJoined ,staffID) VALUES (705,'Sadie','Price','77 Banshee Boardwalk',1255032826,'2009-03-26',7);
INSERT INTO Member(memberID, fName, lName, address, phoneNumber, dateJoined ,staffID) VALUES (706,'Annabelle','Perez','57 Stadium',1255047275,'2001-09-21',8);
INSERT INTO Member(memberID, fName, lName, address, phoneNumber, dateJoined ,staffID) VALUES (707,'Isabelle','Parker','115 Choco Mountain',1255052670,'1998-02-13',8);
INSERT INTO Member(memberID, fName, lName, address, phoneNumber, dateJoined ,staffID) VALUES (708,'jamin','Ramirez','60 Mario Circuit',1255033684,'2010-09-28',2);
INSERT INTO Member(memberID, fName, lName, address, phoneNumber, dateJoined ,staffID) VALUES (709,'Hailey','Lopez','124 Moo Moo Farm',1255050541,'2005-07-5',4);
INSERT INTO Member(memberID, fName, lName, address, phoneNumber, dateJoined ,staffID) VALUES (710,'Daniel','Phillips','81 Coconut Mall',1255055292,'2001-03-17',4);
INSERT INTO Member(memberID, fName, lName, address, phoneNumber, dateJoined ,staffID) VALUES (711,'Zoey','Evans','132 Frappe Snowland',1255044796,'2007-05-28',9);
INSERT INTO Member(memberID, fName, lName, address, phoneNumber, dateJoined ,staffID) VALUES (712,'Gavin','Lee','37 Peach Gardens',1255056809,'2009-05-19',6);
INSERT INTO Member(memberID, fName, lName, address, phoneNumber, dateJoined ,staffID) VALUES (713,'Avery','Gray','140 DK Jungle',1255042370,'2007-07-13',9);
INSERT INTO Member(memberID, fName, lName, address, phoneNumber, dateJoined ,staffID) VALUES (714,'Henry','Cruz','19 DK Jungle',1255046016,'1998-03-17',8);
INSERT INTO Member(memberID, fName, lName, address, phoneNumber, dateJoined ,staffID) VALUES (715,'Sophia','Collins','54 Shy Guy Falls',1255039249,'2008-09-23',6);
INSERT INTO Member(memberID, fName, lName, address, phoneNumber, dateJoined ,staffID) VALUES (716,'Tyson','Turner','14 Sherbert Land',1255039919,'2011-03-22',5);
INSERT INTO Member(memberID, fName, lName, address, phoneNumber, dateJoined ,staffID) VALUES (717,'Owen','Gray','61 Bowser Castle',1255049095,'1996-08-5',1);
INSERT INTO Member(memberID, fName, lName, address, phoneNumber, dateJoined ,staffID) VALUES (718,'James','Morgan','81 DK Jungle',1255056135,'1997-01-12',8);
INSERT INTO Member(memberID, fName, lName, address, phoneNumber, dateJoined ,staffID) VALUES (719,'Blake','Gray','110 Yoshi Valley',1255046406,'2013-09-9',1);
INSERT INTO Member(memberID, fName, lName, address, phoneNumber, dateJoined ,staffID) VALUES (720,'Arianna','Russell','28 Peach Circuit',1255039047,'2000-05-11',3);
INSERT INTO Member(memberID, fName, lName, address, phoneNumber, dateJoined ,staffID) VALUES (721,'Asher','Long','22 Shy Guy Falls',1255043199,'2009-09-21',9);
INSERT INTO Member(memberID, fName, lName, address, phoneNumber, dateJoined ,staffID) VALUES (722,'Avery','Watson','133 DK Jungle',1255064480,'1995-06-17',4);
INSERT INTO Member(memberID, fName, lName, address, phoneNumber, dateJoined ,staffID) VALUES (723,'Rachel','Smith','100 Dellfino Square',1255042340,'1998-06-17',2);
INSERT INTO Member(memberID, fName, lName, address, phoneNumber, dateJoined ,staffID) VALUES (724,'Hayden','Rodriguez','22 Moo Moo Farm',1255064886,'1994-07-25',7);
INSERT INTO Member(memberID, fName, lName, address, phoneNumber, dateJoined ,staffID) VALUES (725,'Sienna','Moore','90 Frappe Snowland',1255050825,'1995-07-3',3);
INSERT INTO Member(memberID, fName, lName, address, phoneNumber, dateJoined ,staffID) VALUES (726,'Weston','Taylor','45 Yoshi Valley',1255054321,'2004-05-17',2);
INSERT INTO Member(memberID, fName, lName, address, phoneNumber, dateJoined ,staffID) VALUES (727,'Jace','James','23 Choco Mountain',1255041658,'2013-09-4',6);
INSERT INTO Member(memberID, fName, lName, address, phoneNumber, dateJoined ,staffID) VALUES (728,'Isaac','Phillips','7 Yoshi Falls',1255055897,'2006-09-14',4);
INSERT INTO Member(memberID, fName, lName, address, phoneNumber, dateJoined ,staffID) VALUES (729,'Aaron','Ward','140 Warioi Stadium',1255054917,'2006-07-22',10);
INSERT INTO Member(memberID, fName, lName, address, phoneNumber, dateJoined ,staffID) VALUES (730,'Eric','Sullivan','96 Coconut Mall',1255037837,'2000-05-13',1);
INSERT INTO Member(memberID, fName, lName, address, phoneNumber, dateJoined ,staffID) VALUES (731,'Ryker','Roberts','77 Moonview Highway',1255040094,'1997-05-11',9);
INSERT INTO Member(memberID, fName, lName, address, phoneNumber, dateJoined ,staffID) VALUES (732,'Chloe','Bell','123 Shy Guy Falls',1255055771,'2000-05-3',4);
INSERT INTO Member(memberID, fName, lName, address, phoneNumber, dateJoined ,staffID) VALUES (733,'Brooklyn','Russell','144 Peach Gardens',1255041012,'2009-09-28',4);
INSERT INTO Member(memberID, fName, lName, address, phoneNumber, dateJoined ,staffID) VALUES (734,'Ethan','Moore','50 Mario Circuit',1255039682,'2012-08-22',2);
INSERT INTO Member(memberID, fName, lName, address, phoneNumber, dateJoined ,staffID) VALUES (735,'Evelyn','Williams','79 DK Jungle',1255065462,'2013-09-17',3);
INSERT INTO Member(memberID, fName, lName, address, phoneNumber, dateJoined ,staffID) VALUES (736,'Jasper','Morris','76 Shy Guy Falls',1255043300,'2010-01-17',4);
INSERT INTO Member(memberID, fName, lName, address, phoneNumber, dateJoined ,staffID) VALUES (737,'Hunter','Martinez','32 Luigi Raceway',1255039262,'2010-07-4',7);
INSERT INTO Member(memberID, fName, lName, address, phoneNumber, dateJoined ,staffID) VALUES (738,'Emily','Green','45 Cheep Cheep Lagoon',1255052978,'2008-01-24',9);
INSERT INTO Member(memberID, fName, lName, address, phoneNumber, dateJoined ,staffID) VALUES (739,'Oliver','Harris','22 Luigi Raceway',1255034871,'2004-01-23',9);
INSERT INTO Member(memberID, fName, lName, address, phoneNumber, dateJoined ,staffID) VALUES (740,'Mia','Russell','122 Mario Raceway',1255058772,'2002-04-18',2);
INSERT INTO Member(memberID, fName, lName, address, phoneNumber, dateJoined ,staffID) VALUES (741,'Sawyer','King','95 Luigi Mansion',1255065401,'2003-07-4',8);
INSERT INTO Member(memberID, fName, lName, address, phoneNumber, dateJoined ,staffID) VALUES (742,'Joseph','Taylor','87 Mario Raceway',1255062948,'2012-06-22',1);
INSERT INTO Member(memberID, fName, lName, address, phoneNumber, dateJoined ,staffID) VALUES (743,'Aria','Ward','85 DK Jungle',1255050031,'2007-08-19',1);
INSERT INTO Member(memberID, fName, lName, address, phoneNumber, dateJoined ,staffID) VALUES (744,'Rowan','Sanchez','107 Mushroom Gorge',1255042159,'2005-06-12',9);
INSERT INTO Member(memberID, fName, lName, address, phoneNumber, dateJoined ,staffID) VALUES (745,'Jack','Perez','84 DK Jungle',1255043592,'2000-04-7',1);
INSERT INTO Member(memberID, fName, lName, address, phoneNumber, dateJoined ,staffID) VALUES (746,'Tyler','Ross','77 Stadium',1255053210,'2012-01-28',1);
INSERT INTO Member(memberID, fName, lName, address, phoneNumber, dateJoined ,staffID) VALUES (747,'Emmett','Gomez','145 Dry Dry Desert',1255042112,'2003-02-25',5);
INSERT INTO Member(memberID, fName, lName, address, phoneNumber, dateJoined ,staffID) VALUES (748,'Rachel','Collins','72 Luigi Raceway',1255059994,'2006-08-9',5);
INSERT INTO Member(memberID, fName, lName, address, phoneNumber, dateJoined ,staffID) VALUES (749,'Everl','Russell','95 Kalamari Desert',1255039873,'2005-01-18',10);
INSERT INTO Member(memberID, fName, lName, address, phoneNumber, dateJoined ,staffID) VALUES (750,'Aiden','Butler','78 Shy Guy Falls',1255057188,'2011-06-24',8);
INSERT INTO Member(memberID, fName, lName, address, phoneNumber, dateJoined ,staffID) VALUES (751,'Brody','Turner','50 Cheep Cheep Lagoon',1255053356,'2005-02-1',5);
INSERT INTO Member(memberID, fName, lName, address, phoneNumber, dateJoined ,staffID) VALUES (752,'Lucas','Ward','119 Warioi Stadium',1255041286,'2000-06-20',4);
INSERT INTO Member(memberID, fName, lName, address, phoneNumber, dateJoined ,staffID) VALUES (753,'Elias','Evans','80 Toad Circuit',1255037170,'2006-03-20',2);
INSERT INTO Member(memberID, fName, lName, address, phoneNumber, dateJoined ,staffID) VALUES (754,'Nicholas','Green','122 Luigi Raceway',1255038582,'2007-04-20',1);
INSERT INTO Member(memberID, fName, lName, address, phoneNumber, dateJoined ,staffID) VALUES (755,'Austin','Mitchell','66 Mario Raceway',1255034136,'2007-08-1',1);
INSERT INTO Member(memberID, fName, lName, address, phoneNumber, dateJoined ,staffID) VALUES (756,'Audrey','Moore','39 DK Summit',1255059819,'2011-04-23',6);
INSERT INTO Member(memberID, fName, lName, address, phoneNumber, dateJoined ,staffID) VALUES (757,'Jonathan','Cruz','131 Peach Circuit',1255039333,'2013-09-15',4);
INSERT INTO Member(memberID, fName, lName, address, phoneNumber, dateJoined ,staffID) VALUES (758,'Tyson','Morales','11 Adams',1255056567,'1999-07-4',1);
INSERT INTO Member(memberID, fName, lName, address, phoneNumber, dateJoined ,staffID) VALUES (759,'Arianna','Hill','139 Mushroom Gorge',1255049419,'2001-09-21',3);
INSERT INTO Member(memberID, fName, lName, address, phoneNumber, dateJoined ,staffID) VALUES (760,'Brody','Walker','116 Wario Colesseum',1255053816,'2013-08-5',3);
INSERT INTO Member(memberID, fName, lName, address, phoneNumber, dateJoined ,staffID) VALUES (761,'Hudson','Price','131 Mario Circuit',1255062851,'1996-06-9',4);
INSERT INTO Member(memberID, fName, lName, address, phoneNumber, dateJoined ,staffID) VALUES (762,'Ruby','Jenkins','124 Warioi Stadium',1255040923,'1997-03-1',10);
INSERT INTO Member(memberID, fName, lName, address, phoneNumber, dateJoined ,staffID) VALUES (763,'Audrey','Perez','97 DK Jungle Parkway',1255035512,'2012-06-20',4);
INSERT INTO Member(memberID, fName, lName, address, phoneNumber, dateJoined ,staffID) VALUES (764,'Michael','Fisher','47 Cheep Cheep Lagoon',1255053065,'2004-04-15',10);
INSERT INTO Member(memberID, fName, lName, address, phoneNumber, dateJoined ,staffID) VALUES (765,'Samantha','Morgan','146 DK Jungle',1255050038,'2012-09-7',5);
INSERT INTO Member(memberID, fName, lName, address, phoneNumber, dateJoined ,staffID) VALUES (766,'Emmett','Sanders','24 Choco Mountain',1255058739,'2007-07-9',10);
INSERT INTO Member(memberID, fName, lName, address, phoneNumber, dateJoined ,staffID) VALUES (767,'Eli','Nelson','85 DK Jungle Parkway',1255033788,'1997-02-24',10);
INSERT INTO Member(memberID, fName, lName, address, phoneNumber, dateJoined ,staffID) VALUES (768,'Joshua','Thomas','139 Choco Mountain',1255033881,'2010-04-17',9);
INSERT INTO Member(memberID, fName, lName, address, phoneNumber, dateJoined ,staffID) VALUES (769,'Charlie','Lopez','23 Coconut Mall',1255048787,'2009-08-21',8);
INSERT INTO Member(memberID, fName, lName, address, phoneNumber, dateJoined ,staffID) VALUES (770,'Hunter','Ross','120 Banshee Boardwalk',1255037442,'2000-05-26',10);
INSERT INTO Member(memberID, fName, lName, address, phoneNumber, dateJoined ,staffID) VALUES (771,'Cameron','Collins','137 Kalamari Desert',1255042280,'2005-02-14',10);
INSERT INTO Member(memberID, fName, lName, address, phoneNumber, dateJoined ,staffID) VALUES (772,'Alyssa','Foster','74 Dellfino Square',1255046009,'2005-06-2',9);
INSERT INTO Member(memberID, fName, lName, address, phoneNumber, dateJoined ,staffID) VALUES (773,'Ryan','Watson','140 Moonview Highway',1255037303,'2007-09-7',6);
INSERT INTO Member(memberID, fName, lName, address, phoneNumber, dateJoined ,staffID) VALUES (774,'Adam','Moore','141 Shy Guy Falls',1255055186,'1994-01-16',5);
INSERT INTO Member(memberID, fName, lName, address, phoneNumber, dateJoined ,staffID) VALUES (775,'Audrey','Gray','17 DK Jungle Parkway',1255051393,'2000-04-23',2);
INSERT INTO Member(memberID, fName, lName, address, phoneNumber, dateJoined ,staffID) VALUES (776,'Aaron','Fisher','41 DK Summit',1255059520,'2004-02-28',7);
INSERT INTO Member(memberID, fName, lName, address, phoneNumber, dateJoined ,staffID) VALUES (777,'Elizabeth','Bailey','111 Kalamari Desert',1255033839,'2012-04-22',6);
INSERT INTO Member(memberID, fName, lName, address, phoneNumber, dateJoined ,staffID) VALUES (778,'Felix','Taylor','140 Shy Guy Falls',1255065030,'2010-07-9',9);
INSERT INTO Member(memberID, fName, lName, address, phoneNumber, dateJoined ,staffID) VALUES (779,'Jonathan','Sullivan','94 Frappe Snowland',1255059975,'2008-07-3',8);
INSERT INTO Member(memberID, fName, lName, address, phoneNumber, dateJoined ,staffID) VALUES (780,'Hayden','Flores','60 Kalamari Desert',1255044740,'1998-05-8',10);
INSERT INTO Member(memberID, fName, lName, address, phoneNumber, dateJoined ,staffID) VALUES (781,'Maxwell','Lopez','6 Yoshi Falls',1255033694,'2011-07-9',1);
INSERT INTO Member(memberID, fName, lName, address, phoneNumber, dateJoined ,staffID) VALUES (782,'Kenzie','Roberts','53 Toad Circuit',1255032882,'1998-02-4',5);
INSERT INTO Member(memberID, fName, lName, address, phoneNumber, dateJoined ,staffID) VALUES (783,'Cameron','Price','19 Frappe Snowland',1255048180,'2007-05-4',8);
INSERT INTO Member(memberID, fName, lName, address, phoneNumber, dateJoined ,staffID) VALUES (784,'Maxwell','Nelson','44 Luigi Raceway',1255060938,'2013-07-2',1);
INSERT INTO Member(memberID, fName, lName, address, phoneNumber, dateJoined ,staffID) VALUES (785,'Liam','Cox','31 Toad Circuit',1255053018,'2004-05-5',10);
INSERT INTO Member(memberID, fName, lName, address, phoneNumber, dateJoined ,staffID) VALUES (786,'Sienna','Barnes','110 Stadium',1255043754,'2010-05-17',5);
INSERT INTO Member(memberID, fName, lName, address, phoneNumber, dateJoined ,staffID) VALUES (787,'Weston','Powell','111 Peach Circuit',1255063815,'2003-04-25',9);
INSERT INTO Member(memberID, fName, lName, address, phoneNumber, dateJoined ,staffID) VALUES (788,'Kai','Watson','105 Sherbert Land',1255047610,'2010-09-19',1);
INSERT INTO Member(memberID, fName, lName, address, phoneNumber, dateJoined ,staffID) VALUES (789,'Lillian','Gonzalez','97 Mushroom Gorge',1255051094,'2009-07-19',3);
INSERT INTO Member(memberID, fName, lName, address, phoneNumber, dateJoined ,staffID) VALUES (790,'Rowan','Parker','7 Waluigi Stadium',1255045591,'1998-07-21',9);
INSERT INTO Member(memberID, fName, lName, address, phoneNumber, dateJoined ,staffID) VALUES (791,'Julia','Phillips','88 Banshee Boardwalk',1255038145,'2005-07-4',9);
INSERT INTO Member(memberID, fName, lName, address, phoneNumber, dateJoined ,staffID) VALUES (792,'Carter','Campbell','55 Luigi Raceway',1255044373,'1999-05-16',2);
INSERT INTO Member(memberID, fName, lName, address, phoneNumber, dateJoined ,staffID) VALUES (793,'David','Wright','24 Koopa Troopa Beach',1255043399,'1997-07-10',9);
INSERT INTO Member(memberID, fName, lName, address, phoneNumber, dateJoined ,staffID) VALUES (794,'Chloe','Sanchez','129 Waluigi Stadium',1255063184,'2011-05-3',1);
INSERT INTO Member(memberID, fName, lName, address, phoneNumber, dateJoined ,staffID) VALUES (795,'Grayson','Diaz','113 Warioi Stadium',1255044910,'2004-06-24',4);
INSERT INTO Member(memberID, fName, lName, address, phoneNumber, dateJoined ,staffID) VALUES (796,'Nolan','Hall','120 Mario Raceway',1255041770,'2001-06-11',7);
INSERT INTO Member(memberID, fName, lName, address, phoneNumber, dateJoined ,staffID) VALUES (797,'Jacob','Bailey','52 Bowser Castle',1255046016,'2003-05-21',10);
INSERT INTO Member(memberID, fName, lName, address, phoneNumber, dateJoined ,staffID) VALUES (798,'Lily','Smith','13 Shy Guy Falls',1255059880,'2012-06-21',4);
INSERT INTO Member(memberID, fName, lName, address, phoneNumber, dateJoined ,staffID) VALUES (799,'Austin','Gray','78 Cheep Cheep Lagoon',1255061479,'2000-04-19',5);
INSERT INTO Member(memberID, fName, lName, address, phoneNumber, dateJoined ,staffID) VALUES (800,'Savannah','Sanchez','77 Adams',1255057926,'1999-02-3',5);
INSERT INTO Member(memberID, fName, lName, address, phoneNumber, dateJoined ,staffID) VALUES (801,'Lucas','Sullivan','125 Toad Circuit',1255065440,'2005-07-25',6);
INSERT INTO Member(memberID, fName, lName, address, phoneNumber, dateJoined ,staffID) VALUES (802,'Charlotte','Garciav','134 Yoshi Falls',1255050243,'2010-05-24',5);
INSERT INTO Member(memberID, fName, lName, address, phoneNumber, dateJoined ,staffID) VALUES (803,'Felix','Sullivan','95 Coconut Mall',1255044183,'1994-02-7',2);
INSERT INTO Member(memberID, fName, lName, address, phoneNumber, dateJoined ,staffID) VALUES (804,'Elizabeth','Hernandez','4 DK Jungle Parkway',1255036587,'2010-06-28',6);
INSERT INTO Member(memberID, fName, lName, address, phoneNumber, dateJoined ,staffID) VALUES (805,'Brielle','White','103 Yoshi Falls',1255036462,'1997-07-2',6);
INSERT INTO Member(memberID, fName, lName, address, phoneNumber, dateJoined ,staffID) VALUES (806,'Madison','Bailey','50 Luigi Raceway',1255034606,'2011-01-18',10);
INSERT INTO Member(memberID, fName, lName, address, phoneNumber, dateJoined ,staffID) VALUES (807,'Carter','Rivera','63 Dellfino Square',1255064892,'1994-04-19',5);
INSERT INTO Member(memberID, fName, lName, address, phoneNumber, dateJoined ,staffID) VALUES (808,'Kai','Hill','52 DK Jungle',1255063172,'2007-09-27',2);
INSERT INTO Member(memberID, fName, lName, address, phoneNumber, dateJoined ,staffID) VALUES (809,'Dominic','Sullivan','137 DK Jungle Parkway',1255053250,'1996-08-26',6);
INSERT INTO Member(memberID, fName, lName, address, phoneNumber, dateJoined ,staffID) VALUES (810,'Aurora','Lopez','27 DK Jungle Parkway',1255063726,'2008-06-15',7);
INSERT INTO Member(memberID, fName, lName, address, phoneNumber, dateJoined ,staffID) VALUES (811,'Dominic','Powell','94 Stadium',1255042927,'2002-01-16',7);
INSERT INTO Member(memberID, fName, lName, address, phoneNumber, dateJoined ,staffID) VALUES (812,'Aaron','Gutierrez','46 DK Jungle Parkway',1255035606,'2006-09-19',8);
INSERT INTO Member(memberID, fName, lName, address, phoneNumber, dateJoined ,staffID) VALUES (813,'Avery','Rodriguez','148 Adams',1255042662,'1997-07-14',10);
INSERT INTO Member(memberID, fName, lName, address, phoneNumber, dateJoined ,staffID) VALUES (814,'Hailey','Miller','85 Sherbert Land',1255037272,'1994-04-10',4);
INSERT INTO Member(memberID, fName, lName, address, phoneNumber, dateJoined ,staffID) VALUES (815,'Sofia','Hill','69 Warioi Stadium',1255064550,'2008-08-24',9);
INSERT INTO Member(memberID, fName, lName, address, phoneNumber, dateJoined ,staffID) VALUES (816,'Charlie','Young','80 Kalamari Desert',1255040250,'2012-02-13',7);
INSERT INTO Member(memberID, fName, lName, address, phoneNumber, dateJoined ,staffID) VALUES (817,'Maya','James','106 Moo Moo Farm',1255044094,'2008-08-22',2);
INSERT INTO Member(memberID, fName, lName, address, phoneNumber, dateJoined ,staffID) VALUES (818,'Norah','Parker','16 DK Jungle',1255035874,'2010-09-24',8);
INSERT INTO Member(memberID, fName, lName, address, phoneNumber, dateJoined ,staffID) VALUES (819,'Jacob','Barnes','45 Choco Island',1255037688,'1995-08-8',9);
INSERT INTO Member(memberID, fName, lName, address, phoneNumber, dateJoined ,staffID) VALUES (820,'Parker','Stewart','48 Cheep Cheep Lagoon',1255045386,'1996-04-26',9);
INSERT INTO Member(memberID, fName, lName, address, phoneNumber, dateJoined ,staffID) VALUES (821,'Lucy','Gomez','138 Kalamari Desert',1255048293,'2000-02-11',10);
INSERT INTO Member(memberID, fName, lName, address, phoneNumber, dateJoined ,staffID) VALUES (822,'Dominic','Hughes','26 DK Jungle Parkway',1255036793,'2007-06-24',8);
INSERT INTO Member(memberID, fName, lName, address, phoneNumber, dateJoined ,staffID) VALUES (823,'Peyton','Gray','58 Sherbert Land',1255034594,'2010-01-25',9);
INSERT INTO Member(memberID, fName, lName, address, phoneNumber, dateJoined ,staffID) VALUES (824,'Eric','Richardson','71 Toad Circuit',1255064281,'2009-05-6',10);
INSERT INTO Member(memberID, fName, lName, address, phoneNumber, dateJoined ,staffID) VALUES (825,'Nora','Sullivan','49 Banshee Boardwalk',1255035161,'2009-02-27',6);
INSERT INTO Member(memberID, fName, lName, address, phoneNumber, dateJoined ,staffID) VALUES (826,'Ryder','Edwards','44 Frappe Snowland',1255042324,'2008-07-1',5);
INSERT INTO Member(memberID, fName, lName, address, phoneNumber, dateJoined ,staffID) VALUES (827,'jamin','Johnson','23 Mushroom Gorge',1255037322,'2006-01-20',7);
INSERT INTO Member(memberID, fName, lName, address, phoneNumber, dateJoined ,staffID) VALUES (828,'Sebastian','Morales','5 Koopa Troopa Beach',1255055655,'2006-09-15',7);
INSERT INTO Member(memberID, fName, lName, address, phoneNumber, dateJoined ,staffID) VALUES (829,'Asher','Moore','35 Toad Circuit',1255047705,'2006-06-24',1);
INSERT INTO Member(memberID, fName, lName, address, phoneNumber, dateJoined ,staffID) VALUES (830,'Ruby','Phillips','72 Mario Circuit',1255060808,'2005-06-22',8);
INSERT INTO Member(memberID, fName, lName, address, phoneNumber, dateJoined ,staffID) VALUES (831,'Isabelle','Cook','34 DK Jungle',1255045505,'2013-08-2',1);
INSERT INTO Member(memberID, fName, lName, address, phoneNumber, dateJoined ,staffID) VALUES (832,'Evan','Cruz','20 Dry Dry Desert',1255058195,'2006-06-6',10);
INSERT INTO Member(memberID, fName, lName, address, phoneNumber, dateJoined ,staffID) VALUES (833,'Ryan','Morgan','32 Luigi Mansion',1255057421,'2002-09-4',7);
INSERT INTO Member(memberID, fName, lName, address, phoneNumber, dateJoined ,staffID) VALUES (834,'Jaxon','Russell','129 Stadium',1255051869,'2011-04-9',1);
INSERT INTO Member(memberID, fName, lName, address, phoneNumber, dateJoined ,staffID) VALUES (835,'Ethan','Thomas','33 Adams',1255047757,'2007-09-5',1);
INSERT INTO Member(memberID, fName, lName, address, phoneNumber, dateJoined ,staffID) VALUES (836,'Layla','Taylor','133 Adams',1255056339,'1998-08-21',1);
INSERT INTO Member(memberID, fName, lName, address, phoneNumber, dateJoined ,staffID) VALUES (837,'Nicholas','Peterson','127 Cheep Cheep Lagoon',1255048102,'2006-02-12',4);
INSERT INTO Member(memberID, fName, lName, address, phoneNumber, dateJoined ,staffID) VALUES (838,'Wilm','Moore','63 Coconut Mall',1255062176,'2003-06-22',2);
INSERT INTO Member(memberID, fName, lName, address, phoneNumber, dateJoined ,staffID) VALUES (839,'Isabella','Rodriguez','9 Warioi Stadium',1255062502,'2012-03-16',9);
INSERT INTO Member(memberID, fName, lName, address, phoneNumber, dateJoined ,staffID) VALUES (840,'Liam','Jackson','89 Warioi Stadium',1255041185,'1998-07-2',1);
INSERT INTO Member(memberID, fName, lName, address, phoneNumber, dateJoined ,staffID) VALUES (841,'Jason','Cooper','147 Mario Raceway',1255040582,'2011-01-10',2);
INSERT INTO Member(memberID, fName, lName, address, phoneNumber, dateJoined ,staffID) VALUES (842,'Eric','Moore','18 Dellfino Square',1255040761,'2002-04-28',4);
INSERT INTO Member(memberID, fName, lName, address, phoneNumber, dateJoined ,staffID) VALUES (843,'Georgia','Taylor','105 Toad Circuit',1255044480,'1994-07-1',3);
INSERT INTO Member(memberID, fName, lName, address, phoneNumber, dateJoined ,staffID) VALUES (844,'Theodore','Perez','121 DK Summit',1255058680,'1999-07-2',6);
INSERT INTO Member(memberID, fName, lName, address, phoneNumber, dateJoined ,staffID) VALUES (845,'Autumn','Fisher','66 Dellfino Square',1255059426,'1995-06-13',9);
INSERT INTO Member(memberID, fName, lName, address, phoneNumber, dateJoined ,staffID) VALUES (846,'Blake','Taylor','66 Dry Dry Desert',1255051710,'1995-06-19',3);
INSERT INTO Member(memberID, fName, lName, address, phoneNumber, dateJoined ,staffID) VALUES (847,'Theodore','Bennett','96 Dry Dry Desert',1255059337,'1996-06-5',3);
INSERT INTO Member(memberID, fName, lName, address, phoneNumber, dateJoined ,staffID) VALUES (848,'Joshua','Reed','56 Kalamari Desert',1255053567,'2009-06-18',3);
INSERT INTO Member(memberID, fName, lName, address, phoneNumber, dateJoined ,staffID) VALUES (849,'Taylor','Peterson','130 DK Jungle',1255058982,'2001-06-25',4);
INSERT INTO Member(memberID, fName, lName, address, phoneNumber, dateJoined ,staffID) VALUES (850,'Rowan','Jackson','42 Peach Circuit',1255045576,'2005-05-16',7);
INSERT INTO Member(memberID, fName, lName, address, phoneNumber, dateJoined ,staffID) VALUES (851,'Rowan','Richardson','44 Luigi Raceway',1255063797,'2007-09-3',7);
INSERT INTO Member(memberID, fName, lName, address, phoneNumber, dateJoined ,staffID) VALUES (852,'John','Perez','69 Frappe Snowland',1255054915,'2012-05-18',6);
INSERT INTO Member(memberID, fName, lName, address, phoneNumber, dateJoined ,staffID) VALUES (853,'Thomas','Bennett','32 Mushroom Gorge',1255039193,'2012-04-6',3);
INSERT INTO Member(memberID, fName, lName, address, phoneNumber, dateJoined ,staffID) VALUES (854,'Samantha','King','10 Moonview Highway',1255038405,'2000-05-23',2);
INSERT INTO Member(memberID, fName, lName, address, phoneNumber, dateJoined ,staffID) VALUES (855,'Felix','Young','116 Sherbert Land',1255054264,'2008-08-25',8);
INSERT INTO Member(memberID, fName, lName, address, phoneNumber, dateJoined ,staffID) VALUES (856,'Angela','King','79 Peach Gardens',1255052971,'2002-09-23',4);
INSERT INTO Member(memberID, fName, lName, address, phoneNumber, dateJoined ,staffID) VALUES (857,'jamin','Bennett','72 Moo Moo Farm',1255040898,'1997-08-5',5);
INSERT INTO Member(memberID, fName, lName, address, phoneNumber, dateJoined ,staffID) VALUES (858,'Matthew','Green','100 Wario Colesseum',1255056336,'1997-03-15',4);
INSERT INTO Member(memberID, fName, lName, address, phoneNumber, dateJoined ,staffID) VALUES (859,'Caleb','Davis','81 Mario Raceway',1255052434,'2002-09-19',8);
INSERT INTO Member(memberID, fName, lName, address, phoneNumber, dateJoined ,staffID) VALUES (860,'Dominic','White','138 Moo Moo Farm',1255047591,'1996-03-27',4);
INSERT INTO Member(memberID, fName, lName, address, phoneNumber, dateJoined ,staffID) VALUES (861,'Quinn','Williams','46 Adams',1255054410,'1994-01-8',7);
INSERT INTO Member(memberID, fName, lName, address, phoneNumber, dateJoined ,staffID) VALUES (862,'Matthew','Campbell','12 Luigi Raceway',1255039293,'2000-07-15',6);
INSERT INTO Member(memberID, fName, lName, address, phoneNumber, dateJoined ,staffID) VALUES (863,'Kenzie','King','107 Peach Gardens',1255035408,'2006-07-22',1);
INSERT INTO Member(memberID, fName, lName, address, phoneNumber, dateJoined ,staffID) VALUES (864,'Brody','Gomez','66 Koopa Troopa Beach',1255044009,'1995-04-18',1);
INSERT INTO Member(memberID, fName, lName, address, phoneNumber, dateJoined ,staffID) VALUES (865,'Sophie','Diaz','79 Kalamari Desert',1255055394,'2005-05-1',8);
INSERT INTO Member(memberID, fName, lName, address, phoneNumber, dateJoined ,staffID) VALUES (866,'Peyton','Baker','100 Waluigi Stadium',1255044792,'1994-08-23',2);
INSERT INTO Member(memberID, fName, lName, address, phoneNumber, dateJoined ,staffID) VALUES (867,'Autumn','Morgan','83 Mario Raceway',1255065297,'1996-03-8',3);
INSERT INTO Member(memberID, fName, lName, address, phoneNumber, dateJoined ,staffID) VALUES (868,'Sebastian','Richardson','73 Wario Colesseum',1255050200,'2005-08-15',7);
INSERT INTO Member(memberID, fName, lName, address, phoneNumber, dateJoined ,staffID) VALUES (869,'Liam','King','140 Waluigi Stadium',1255037991,'2001-01-27',4);
INSERT INTO Member(memberID, fName, lName, address, phoneNumber, dateJoined ,staffID) VALUES (870,'Angela','Morgan','61 Banshee Boardwalk',1255060624,'1995-08-20',4);
INSERT INTO Member(memberID, fName, lName, address, phoneNumber, dateJoined ,staffID) VALUES (871,'Luke','Hill','41 Mario Circuit',1255037704,'2007-03-16',9);
INSERT INTO Member(memberID, fName, lName, address, phoneNumber, dateJoined ,staffID) VALUES (872,'Isaac','Garciav','107 Yoshi Falls',1255048194,'2008-05-19',8);
INSERT INTO Member(memberID, fName, lName, address, phoneNumber, dateJoined ,staffID) VALUES (873,'Cameron','Barnes','73 Choco Island',1255062597,'1997-07-4',2);
INSERT INTO Member(memberID, fName, lName, address, phoneNumber, dateJoined ,staffID) VALUES (874,'Ellie','Mitchell','90 Dellfino Square',1255062350,'2005-05-21',5);
INSERT INTO Member(memberID, fName, lName, address, phoneNumber, dateJoined ,staffID) VALUES (875,'Mia','Clark','85 Peach Circuit',1255057729,'1996-05-20',10);
INSERT INTO Member(memberID, fName, lName, address, phoneNumber, dateJoined ,staffID) VALUES (876,'Sienna','Hall','13 Mario Raceway',1255059153,'2008-06-1',9);
INSERT INTO Member(memberID, fName, lName, address, phoneNumber, dateJoined ,staffID) VALUES (877,'Mya','Ramirez','130 Cheep Cheep Lagoon',1255057177,'1994-04-22',9);
INSERT INTO Member(memberID, fName, lName, address, phoneNumber, dateJoined ,staffID) VALUES (878,'Andrew','Young','14 Stadium',1255050380,'2009-03-18',8);
INSERT INTO Member(memberID, fName, lName, address, phoneNumber, dateJoined ,staffID) VALUES (879,'Maya','Martin','67 Banshee Boardwalk',1255043687,'1999-08-1',10);
INSERT INTO Member(memberID, fName, lName, address, phoneNumber, dateJoined ,staffID) VALUES (880,'Zoe','Morgan','72 Adams',1255045184,'2003-01-15',8);
INSERT INTO Member(memberID, fName, lName, address, phoneNumber, dateJoined ,staffID) VALUES (881,'Maxwell','Long','132 Stadium',1255044890,'2000-04-3',5);
INSERT INTO Member(memberID, fName, lName, address, phoneNumber, dateJoined ,staffID) VALUES (882,'Alexander','Watson','100 Coconut Mall',1255047171,'2006-02-14',7);
INSERT INTO Member(memberID, fName, lName, address, phoneNumber, dateJoined ,staffID) VALUES (883,'Claire','Hill','132 Bowser Castle',1255058692,'1999-09-28',10);
INSERT INTO Member(memberID, fName, lName, address, phoneNumber, dateJoined ,staffID) VALUES (884,'Sophie','Sanchez','37 Choco Mountain',1255062607,'2002-02-21',3);
INSERT INTO Member(memberID, fName, lName, address, phoneNumber, dateJoined ,staffID) VALUES (885,'Chase','Stewart','10 Banshee Boardwalk',1255045370,'2007-02-14',4);
INSERT INTO Member(memberID, fName, lName, address, phoneNumber, dateJoined ,staffID) VALUES (886,'Eleanor','Myers','41 Adams',1255051492,'2004-02-19',2);
INSERT INTO Member(memberID, fName, lName, address, phoneNumber, dateJoined ,staffID) VALUES (887,'Wilm','Ortiz','48 Moo Moo Farm',1255035849,'2011-07-11',8);
INSERT INTO Member(memberID, fName, lName, address, phoneNumber, dateJoined ,staffID) VALUES (888,'Matthew','Hughes','54 Toad Circuit',1255049204,'1995-02-11',10);
INSERT INTO Member(memberID, fName, lName, address, phoneNumber, dateJoined ,staffID) VALUES (889,'Leo','Jackson','118 Sherbert Land',1255060296,'1996-02-8',9);
INSERT INTO Member(memberID, fName, lName, address, phoneNumber, dateJoined ,staffID) VALUES (890,'Anna','James','99 Dellfino Square',1255061354,'2007-02-1',2);
INSERT INTO Member(memberID, fName, lName, address, phoneNumber, dateJoined ,staffID) VALUES (891,'Felix','Barnes','17 Koopa Troopa Beach',1255036751,'2000-01-5',2);
INSERT INTO Member(memberID, fName, lName, address, phoneNumber, dateJoined ,staffID) VALUES (892,'Norah','Phillips','3 Sherbert Land',1255053395,'1995-03-7',7);
INSERT INTO Member(memberID, fName, lName, address, phoneNumber, dateJoined ,staffID) VALUES (893,'Ethan','Gutierrez','71 Yoshi Valley',1255045977,'2002-06-27',2);
INSERT INTO Member(memberID, fName, lName, address, phoneNumber, dateJoined ,staffID) VALUES (894,'Everett','Jones','125 Frappe Snowland',1255064238,'2007-01-25',8);
INSERT INTO Member(memberID, fName, lName, address, phoneNumber, dateJoined ,staffID) VALUES (895,'Colton','Lee','37 Choco Mountain',1255036702,'2013-03-1',4);
INSERT INTO Member(memberID, fName, lName, address, phoneNumber, dateJoined ,staffID) VALUES (896,'Andrew','Evans','98 Banshee Boardwalk',1255058480,'2001-04-23',1);
INSERT INTO Member(memberID, fName, lName, address, phoneNumber, dateJoined ,staffID) VALUES (897,'Aubrey','Sanders','58 Shy Guy Falls',1255054184,'2001-07-10',9);
INSERT INTO Member(memberID, fName, lName, address, phoneNumber, dateJoined ,staffID) VALUES (898,'Noah','Morgan','108 Shy Guy Falls',1255040700,'1998-03-14',7);
INSERT INTO Member(memberID, fName, lName, address, phoneNumber, dateJoined ,staffID) VALUES (899,'Logan','Moore','147 Moo Moo Farm',1255048685,'1997-04-16',9);
INSERT INTO Member(memberID, fName, lName, address, phoneNumber, dateJoined ,staffID) VALUES (900,'Emma','Jackson','69 DK Summit',1255046051,'2006-09-11',8);
INSERT INTO Member(memberID, fName, lName, address, phoneNumber, dateJoined ,staffID) VALUES (901,'Marcus','Diaz','26 Choco Island',1255050746,'2010-02-25',10);
INSERT INTO Member(memberID, fName, lName, address, phoneNumber, dateJoined ,staffID) VALUES (902,'Eleanor','Richardson','134 Kalamari Desert',1255043814,'2001-08-21',2);
INSERT INTO Member(memberID, fName, lName, address, phoneNumber, dateJoined ,staffID) VALUES (903,'Anna','Garciav','91 Peach Circuit',1255038250,'2004-09-10',2);
INSERT INTO Member(memberID, fName, lName, address, phoneNumber, dateJoined ,staffID) VALUES (904,'Penelope','Taylor','43 Moo Moo Farm',1255041549,'2009-07-24',1);
INSERT INTO Member(memberID, fName, lName, address, phoneNumber, dateJoined ,staffID) VALUES (905,'Naomi','Allen','68 Yoshi Falls',1255051910,'2007-08-18',7);
INSERT INTO Member(memberID, fName, lName, address, phoneNumber, dateJoined ,staffID) VALUES (906,'Kenzie','Cruz','146 Mario Raceway',1255040087,'2011-01-17',3);
INSERT INTO Member(memberID, fName, lName, address, phoneNumber, dateJoined ,staffID) VALUES (907,'Gabriel','Lopez','126 Bowser Castle',1255048124,'1996-09-3',2);
INSERT INTO Member(memberID, fName, lName, address, phoneNumber, dateJoined ,staffID) VALUES (908,'Evan','Parker','1 Mushroom Gorge',1255065162,'2010-06-5',8);
INSERT INTO Member(memberID, fName, lName, address, phoneNumber, dateJoined ,staffID) VALUES (909,'Savannah','Lee','131 Waluigi Stadium',1255055187,'2001-01-12',10);
INSERT INTO Member(memberID, fName, lName, address, phoneNumber, dateJoined ,staffID) VALUES (910,'Aiden','Sanders','114 Moonview Highway',1255033066,'2008-07-17',8);
INSERT INTO Member(memberID, fName, lName, address, phoneNumber, dateJoined ,staffID) VALUES (911,'Leah','Allen','22 Cheep Cheep Lagoon',1255050246,'2009-09-2',9);
INSERT INTO Member(memberID, fName, lName, address, phoneNumber, dateJoined ,staffID) VALUES (912,'Hayden','Jones','132 Warioi Stadium',1255058726,'1995-02-14',10);
INSERT INTO Member(memberID, fName, lName, address, phoneNumber, dateJoined ,staffID) VALUES (913,'Matthew','Peterson','21 Choco Island',1255044259,'1995-09-15',7);
INSERT INTO Member(memberID, fName, lName, address, phoneNumber, dateJoined ,staffID) VALUES (914,'Arianna','Ross','113 Adams',1255056954,'2012-05-17',7);
INSERT INTO Member(memberID, fName, lName, address, phoneNumber, dateJoined ,staffID) VALUES (915,'Paisley','Davis','17 Sherbert Land',1255042350,'2006-01-14',1);
INSERT INTO Member(memberID, fName, lName, address, phoneNumber, dateJoined ,staffID) VALUES (916,'Brayden','Howard','58 Bowser Castle',1255039507,'2012-08-25',7);
INSERT INTO Member(memberID, fName, lName, address, phoneNumber, dateJoined ,staffID) VALUES (917,'Declan','Torres','99 Mario Circuit',1255036176,'1997-01-13',5);
INSERT INTO Member(memberID, fName, lName, address, phoneNumber, dateJoined ,staffID) VALUES (918,'Tyson','Wilson','136 Peach Gardens',1255037180,'2007-08-27',3);
INSERT INTO Member(memberID, fName, lName, address, phoneNumber, dateJoined ,staffID) VALUES (919,'Michael','Lewis','136 Dellfino Square',1255037853,'1994-08-11',2);
INSERT INTO Member(memberID, fName, lName, address, phoneNumber, dateJoined ,staffID) VALUES (920,'Daniel','Evans','34 Peach Gardens',1255059995,'2003-01-6',10);
INSERT INTO Member(memberID, fName, lName, address, phoneNumber, dateJoined ,staffID) VALUES (921,'Piper','Williams','84 Shy Guy Falls',1255057206,'2006-02-8',4);
INSERT INTO Member(memberID, fName, lName, address, phoneNumber, dateJoined ,staffID) VALUES (922,'Everl','Phillips','129 Banshee Boardwalk',1255055499,'1996-03-2',10);
INSERT INTO Member(memberID, fName, lName, address, phoneNumber, dateJoined ,staffID) VALUES (923,'Tristan','Long','149 Cheep Cheep Lagoon',1255040201,'2004-05-7',7);
INSERT INTO Member(memberID, fName, lName, address, phoneNumber, dateJoined ,staffID) VALUES (924,'Amelia','Brooks','75 Stadium',1255060754,'2002-08-7',7);
INSERT INTO Member(memberID, fName, lName, address, phoneNumber, dateJoined ,staffID) VALUES (925,'Stella','Turner','75 Yoshi Valley',1255048336,'2006-04-19',7);
INSERT INTO Member(memberID, fName, lName, address, phoneNumber, dateJoined ,staffID) VALUES (926,'Maya','Morales','133 Sherbert Land',1255033539,'2008-01-3',3);
INSERT INTO Member(memberID, fName, lName, address, phoneNumber, dateJoined ,staffID) VALUES (927,'John','Adams','29 Frappe Snowland',1255043633,'1999-07-13',3);
INSERT INTO Member(memberID, fName, lName, address, phoneNumber, dateJoined ,staffID) VALUES (928,'Ava','Morgan','119 Yoshi Falls',1255047439,'2008-03-13',10);
INSERT INTO Member(memberID, fName, lName, address, phoneNumber, dateJoined ,staffID) VALUES (929,'Eric','Roberts','23 Mushroom Gorge',1255045542,'1994-01-9',6);
INSERT INTO Member(memberID, fName, lName, address, phoneNumber, dateJoined ,staffID) VALUES (930,'Wyatt','King','4 Dellfino Square',1255060498,'2009-06-27',10);
INSERT INTO Member(memberID, fName, lName, address, phoneNumber, dateJoined ,staffID) VALUES (931,'Joseph','Roberts','54 Kalamari Desert',1255053223,'2013-07-18',9);
INSERT INTO Member(memberID, fName, lName, address, phoneNumber, dateJoined ,staffID) VALUES (932,'Evan','Robinson','21 DK Summit',1255056412,'2013-08-18',9);
INSERT INTO Member(memberID, fName, lName, address, phoneNumber, dateJoined ,staffID) VALUES (933,'Luke','Hughes','101 Moo Moo Farm',1255045990,'1997-09-15',4);
INSERT INTO Member(memberID, fName, lName, address, phoneNumber, dateJoined ,staffID) VALUES (934,'jamin','Baker','117 Banshee Boardwalk',1255051210,'1998-02-13',3);
INSERT INTO Member(memberID, fName, lName, address, phoneNumber, dateJoined ,staffID) VALUES (935,'Linden','Powell','27 Luigi Mansion',1255035092,'2000-05-15',1);
INSERT INTO Member(memberID, fName, lName, address, phoneNumber, dateJoined ,staffID) VALUES (936,'Evelyn','Johnson','106 Shy Guy Falls',1255045163,'2011-02-19',1);
INSERT INTO Member(memberID, fName, lName, address, phoneNumber, dateJoined ,staffID) VALUES (937,'Eli','Cruz','94 DK Jungle Parkway',1255036369,'2003-05-17',10);
INSERT INTO Member(memberID, fName, lName, address, phoneNumber, dateJoined ,staffID) VALUES (938,'Weston','Cruz','18 Choco Island',1255058619,'2006-09-4',8);
INSERT INTO Member(memberID, fName, lName, address, phoneNumber, dateJoined ,staffID) VALUES (939,'Emmett','Davis','18 Warioi Stadium',1255051767,'2013-07-17',4);
INSERT INTO Member(memberID, fName, lName, address, phoneNumber, dateJoined ,staffID) VALUES (940,'Lillian','Wood','87 Banshee Boardwalk',1255056714,'2001-05-12',2);
INSERT INTO Member(memberID, fName, lName, address, phoneNumber, dateJoined ,staffID) VALUES (941,'Samuel','Johnson','20 Peach Circuit',1255053273,'2013-05-4',1);
INSERT INTO Member(memberID, fName, lName, address, phoneNumber, dateJoined ,staffID) VALUES (942,'Leo','Harris','21 DK Jungle Parkway',1255057920,'2005-07-16',3);
INSERT INTO Member(memberID, fName, lName, address, phoneNumber, dateJoined ,staffID) VALUES (943,'Dylan','Rogers','114 Banshee Boardwalk',1255034863,'2013-09-4',1);
INSERT INTO Member(memberID, fName, lName, address, phoneNumber, dateJoined ,staffID) VALUES (944,'Hannah','Russell','21 Toad Circuit',1255040537,'2012-07-13',5);
INSERT INTO Member(memberID, fName, lName, address, phoneNumber, dateJoined ,staffID) VALUES (945,'Everett','Kelly','7 Toad Circuit',1255063688,'2008-05-19',2);
INSERT INTO Member(memberID, fName, lName, address, phoneNumber, dateJoined ,staffID) VALUES (946,'Alyssa','Hernandez','148 Frappe Snowland',1255034903,'2013-06-2',10);
INSERT INTO Member(memberID, fName, lName, address, phoneNumber, dateJoined ,staffID) VALUES (947,'Nathan','Cruz','5 Mario Raceway',1255039866,'1998-05-1',9);
INSERT INTO Member(memberID, fName, lName, address, phoneNumber, dateJoined ,staffID) VALUES (948,'Ryan','Cooper','108 Cheep Cheep Lagoon',1255039610,'2008-04-28',2);
INSERT INTO Member(memberID, fName, lName, address, phoneNumber, dateJoined ,staffID) VALUES (949,'Wyatt','Campbell','111 Peach Gardens',1255059812,'2009-02-12',8);
INSERT INTO Member(memberID, fName, lName, address, phoneNumber, dateJoined ,staffID) VALUES (950,'Lucy','Lee','68 Stadium',1255047734,'2008-04-9',7);
INSERT INTO Member(memberID, fName, lName, address, phoneNumber, dateJoined ,staffID) VALUES (951,'Alice','White','12 Frappe Snowland',1255041982,'2011-09-2',2);
INSERT INTO Member(memberID, fName, lName, address, phoneNumber, dateJoined ,staffID) VALUES (952,'Owen','Reed','115 Peach Circuit',1255060617,'1999-08-8',5);
INSERT INTO Member(memberID, fName, lName, address, phoneNumber, dateJoined ,staffID) VALUES (953,'Jace','White','12 Luigi Mansion',1255057937,'2008-05-12',4);
INSERT INTO Member(memberID, fName, lName, address, phoneNumber, dateJoined ,staffID) VALUES (954,'Ayla','Diaz','68 Choco Mountain',1255046108,'2010-07-14',3);
INSERT INTO Member(memberID, fName, lName, address, phoneNumber, dateJoined ,staffID) VALUES (955,'Adam','Turner','107 Mario Raceway',1255052295,'2005-01-24',9);
INSERT INTO Member(memberID, fName, lName, address, phoneNumber, dateJoined ,staffID) VALUES (956,'Arya','Hernandez','98 Adams',1255041997,'2006-09-8',6);
INSERT INTO Member(memberID, fName, lName, address, phoneNumber, dateJoined ,staffID) VALUES (957,'Gavin','Smith','128 Dellfino Square',1255035191,'1994-07-17',1);
INSERT INTO Member(memberID, fName, lName, address, phoneNumber, dateJoined ,staffID) VALUES (958,'Brooklyn','Cook','35 Stadium',1255034532,'1994-03-14',2);
INSERT INTO Member(memberID, fName, lName, address, phoneNumber, dateJoined ,staffID) VALUES (959,'Sawyer','Price','49 Mario Circuit',1255039185,'2000-05-6',7);
INSERT INTO Member(memberID, fName, lName, address, phoneNumber, dateJoined ,staffID) VALUES (960,'Lillian','Ross','107 DK Summit',1255056047,'2001-06-20',1);
INSERT INTO Member(memberID, fName, lName, address, phoneNumber, dateJoined ,staffID) VALUES (961,'Isaac','Reed','11 DK Jungle Parkway',1255050916,'1997-04-19',7);
INSERT INTO Member(memberID, fName, lName, address, phoneNumber, dateJoined ,staffID) VALUES (962,'Michael','Rodriguez','4 DK Summit',1255036000,'2006-09-14',1);
INSERT INTO Member(memberID, fName, lName, address, phoneNumber, dateJoined ,staffID) VALUES (963,'Emmett','Rivera','135 Bowser Castle',1255041032,'2001-06-1',4);
INSERT INTO Member(memberID, fName, lName, address, phoneNumber, dateJoined ,staffID) VALUES (964,'James','Walker','145 Luigi Raceway',1255045674,'1995-05-23',1);
INSERT INTO Member(memberID, fName, lName, address, phoneNumber, dateJoined ,staffID) VALUES (965,'Ryker','Myers','44 Peach Circuit',1255062196,'1995-05-25',2);
INSERT INTO Member(memberID, fName, lName, address, phoneNumber, dateJoined ,staffID) VALUES (966,'Owen','Gray','90 Warioi Stadium',1255049573,'2002-04-7',3);
INSERT INTO Member(memberID, fName, lName, address, phoneNumber, dateJoined ,staffID) VALUES (967,'Sofia','Morris','145 Peach Circuit',1255053453,'1998-05-25',1);
INSERT INTO Member(memberID, fName, lName, address, phoneNumber, dateJoined ,staffID) VALUES (968,'Lillian','Lee','125 Mushroom Gorge',1255051203,'2003-09-26',7);
INSERT INTO Member(memberID, fName, lName, address, phoneNumber, dateJoined ,staffID) VALUES (969,'Harrison','Jenkins','32 Cheep Cheep Lagoon',1255040751,'2000-02-5',7);
INSERT INTO Member(memberID, fName, lName, address, phoneNumber, dateJoined ,staffID) VALUES (970,'Aurora','Jackson','148 DK Jungle Parkway',1255047970,'1996-03-20',8);
INSERT INTO Member(memberID, fName, lName, address, phoneNumber, dateJoined ,staffID) VALUES (971,'Ryan','Miller','81 Moonview Highway',1255044347,'1997-08-27',9);
INSERT INTO Member(memberID, fName, lName, address, phoneNumber, dateJoined ,staffID) VALUES (972,'Zoey','Foster','71 Luigi Raceway',1255063994,'1996-03-27',9);
INSERT INTO Member(memberID, fName, lName, address, phoneNumber, dateJoined ,staffID) VALUES (973,'Cameron','Gomez','136 Yoshi Falls',1255064562,'2000-02-19',5);
INSERT INTO Member(memberID, fName, lName, address, phoneNumber, dateJoined ,staffID) VALUES (974,'Sarah','Garciav','8 Mario Circuit',1255044854,'2002-02-12',1);
INSERT INTO Member(memberID, fName, lName, address, phoneNumber, dateJoined ,staffID) VALUES (975,'Jaxon','Russell','95 Choco Mountain',1255040426,'2004-07-1',3);
INSERT INTO Member(memberID, fName, lName, address, phoneNumber, dateJoined ,staffID) VALUES (976,'Savannah','Cruz','85 Bowser Castle',1255036288,'2003-01-22',6);
INSERT INTO Member(memberID, fName, lName, address, phoneNumber, dateJoined ,staffID) VALUES (977,'Oliver','Howard','109 Yoshi Valley',1255041170,'2006-05-17',8);
INSERT INTO Member(memberID, fName, lName, address, phoneNumber, dateJoined ,staffID) VALUES (978,'Liam','Ward','119 Kalamari Desert',1255048513,'2004-04-20',9);
INSERT INTO Member(memberID, fName, lName, address, phoneNumber, dateJoined ,staffID) VALUES (979,'Logan','Russell','86 DK Jungle Parkway',1255048690,'2009-04-2',5);
INSERT INTO Member(memberID, fName, lName, address, phoneNumber, dateJoined ,staffID) VALUES (980,'Riley','Miller','33 Peach Gardens',1255036010,'1994-09-28',7);
INSERT INTO Member(memberID, fName, lName, address, phoneNumber, dateJoined ,staffID) VALUES (981,'Arya','Evans','32 Cheep Cheep Lagoon',1255046717,'1999-09-11',9);
INSERT INTO Member(memberID, fName, lName, address, phoneNumber, dateJoined ,staffID) VALUES (982,'Leo','Anderson','106 DK Jungle Parkway',1255062715,'2001-05-25',8);
INSERT INTO Member(memberID, fName, lName, address, phoneNumber, dateJoined ,staffID) VALUES (983,'Abigail','Ortiz','8 Warioi Stadium',1255051442,'2004-03-11',6);
INSERT INTO Member(memberID, fName, lName, address, phoneNumber, dateJoined ,staffID) VALUES (984,'Gavin','Morgan','75 Dellfino Square',1255060133,'2011-04-17',6);
INSERT INTO Member(memberID, fName, lName, address, phoneNumber, dateJoined ,staffID) VALUES (985,'Ethan','Turner','44 Mushroom Gorge',1255052963,'2008-05-25',5);
INSERT INTO Member(memberID, fName, lName, address, phoneNumber, dateJoined ,staffID) VALUES (986,'Asher','Howard','7 Choco Mountain',1255049731,'1999-05-2',6);
INSERT INTO Member(memberID, fName, lName, address, phoneNumber, dateJoined ,staffID) VALUES (987,'Ethan','Allen','55 DK Jungle',1255034899,'2001-08-16',9);
INSERT INTO Member(memberID, fName, lName, address, phoneNumber, dateJoined ,staffID) VALUES (988,'Matthew','Ross','81 Sherbert Land',1255052396,'2002-07-4',3);
INSERT INTO Member(memberID, fName, lName, address, phoneNumber, dateJoined ,staffID) VALUES (989,'Naomi','King','23 Mario Circuit',1255059092,'2003-06-1',6);
INSERT INTO Member(memberID, fName, lName, address, phoneNumber, dateJoined ,staffID) VALUES (990,'Hudson','James','22 Warioi Stadium',1255049081,'2005-02-5',9);
INSERT INTO Member(memberID, fName, lName, address, phoneNumber, dateJoined ,staffID) VALUES (991,'Felix','Scott','67 Moonview Highway',1255060616,'2007-07-3',2);
INSERT INTO Member(memberID, fName, lName, address, phoneNumber, dateJoined ,staffID) VALUES (992,'Leo','James','50 Wario Colesseum',1255064951,'2012-02-4',7);
INSERT INTO Member(memberID, fName, lName, address, phoneNumber, dateJoined ,staffID) VALUES (993,'Liam','Russell','107 Kalamari Desert',1255055915,'1997-06-12',2);
INSERT INTO Member(memberID, fName, lName, address, phoneNumber, dateJoined ,staffID) VALUES (994,'Eric','Campbell','21 Choco Mountain',1255039312,'2009-04-14',3);
INSERT INTO Member(memberID, fName, lName, address, phoneNumber, dateJoined ,staffID) VALUES (995,'Autumn','Parker','122 Mario Raceway',1255044888,'1997-09-5',9);
INSERT INTO Member(memberID, fName, lName, address, phoneNumber, dateJoined ,staffID) VALUES (996,'Emmett','Kelly','66 DK Summit',1255061174,'2008-03-13',8);
INSERT INTO Member(memberID, fName, lName, address, phoneNumber, dateJoined ,staffID) VALUES (997,'Kenzie','Ramirez','134 Coconut Mall',1255052842,'1995-09-11',8);
INSERT INTO Member(memberID, fName, lName, address, phoneNumber, dateJoined ,staffID) VALUES (998,'Lauren','Wilson','114 Dellfino Square',1255064029,'1998-08-4',6);
INSERT INTO Member(memberID, fName, lName, address, phoneNumber, dateJoined ,staffID) VALUES (999,'Linden','Howard','145 Mario Raceway',1255041759,'2005-05-10',3);
INSERT INTO Member(memberID, fName, lName, address, phoneNumber, dateJoined ,staffID) VALUES (1000,'Aiden','Moore','50 Warioi Stadium',1255052862,'1996-08-16',9);

insert into DayOfWeek Values
(1,'Monday'),
(2,'Tuesday'),
(3,'Wednesday'),
(4,'Thursday'),
(5,'Friday'),
(6,'Saturday'),
(7,'Sunday');

insert into Service values
('Massage Therapy',7,2,'Touching'),
('Daycare',8,30,'kids not die'),
('Pool Check',2,3,'no pee'),
('Sauna Maintain',2,1,'Clean rooms'),
('Tanning Booth',4,4,'people darker'),
('Smoothie Bar',8,5,'high calorie drinks'),
('Hot Yoga',2,20,'Infinity Sweats'),
('Maintain Weight Racks',7,4,'gym etiquette'),
('Refill Wipes',1,2,'Not baby wipes'),
('Clean Bathroom',1,3,'health standards');



insert into Enroll values
(1, 2),
(1,3),
(2,11),
(2,14);

insert into DayOfWeekSectionJoin values
(1,1),
(2,2),
(3,3),
(4,4),
(5,5),
(6,6),
(7,7),
(8,1),
(9,2),
(10,3),
(11,1),
(12,2);
insert into Maintain values
(1,'Clean Bathroom'),
(2,'Daycare'),
(3,'Hot Yoga'),
(4,'Maintain Weight Racks'),
(5,'Massage Therapy'),
(6,'Pool Check'),
(7,'Refill Wipes'),
(8,'Sauna Maintain'),
(9,'Smoothie Bar'),
(10,'Tanning Booth');

insert into DayOfWeekMaintainJoin values
(1,1,'Clean Bathroom'),
(2,2,'Daycare'),
(3,3,'Hot Yoga'),
(4,4,'Maintain Weight Racks'),
(5,5,'Massage Therapy'),
(6,6,'Pool Check'),
(7,7,'Refill Wipes'),
(8,1,'Sauna Maintain'),
(9,3,'Smoothie Bar'),
(10,5,'Tanning Booth'),
(5,2,'Massage Therapy'),
(6,4,'Pool Check'),
(7,6,'Refill Wipes'),
(8,7,'Sauna Maintain');

update staff
set supervisorStaffID=6
where fName='Victor' AND lname='Jose';
